Member_number,Recency,Frequency,Monetary
1000,35,13,53.8
1001,242,12,100.0
1002,122,8,70.3
1003,323,8,60.65
1004,28,21,204.96
1006,199,15,182.94
1008,88,12,155.9
1009,86,9,48.75
1010,152,12,89.36
1011,21,13,89.8
1012,41,11,75.86
1013,89,19,186.75
1014,88,10,75.1
1015,240,7,71.4
1016,86,11,104.7
1017,91,11,75.49
1018,221,8,94.6
1019,385,2,73.5
1020,78,10,73.84
1021,53,8,53.4
1022,571,6,117.5
1023,185,17,182.0
1024,142,4,58.2
1025,133,6,42.62
1026,216,16,111.95
1027,227,9,129.7
1028,172,13,107.6
1029,291,2,16.35
1031,76,7,64.6
1032,129,16,96.46
1033,198,12,91.3
1034,596,9,83.05
1035,113,14,69.9
1037,14,10,58.44
1038,16,19,214.2
1039,213,2,2.7
1040,34,11,48.1
1041,272,10,113.75
1042,75,6,35.75
1043,354,8,94.69
1044,66,4,25.4
1045,35,8,98.9
1046,189,4,16.7
1047,143,6,51.6
1048,73,6,23.8
1049,116,8,62.3
1050,240,14,124.6
1051,50,20,207.36
1053,174,12,80.7
1054,70,9,43.9
1055,219,6,75.7
1056,51,6,58.2
1057,570,8,32.15
1058,50,8,38.9
1059,564,5,16.8
1061,116,14,149.1
1062,103,16,129.32
1063,341,4,8.1
1064,158,7,59.1
1066,566,6,19.92
1067,163,8,112.3
1068,182,4,20.7
1069,132,10,90.45
1070,420,4,66.4
1071,460,3,17.1
1072,68,4,50.7
1073,27,12,109.8
1074,75,10,71.96
1075,41,11,80.3
1076,77,13,87.9
1077,109,14,50.9
1078,63,7,50.0
1079,112,6,89.1
1080,230,5,17.8
1081,241,16,138.6
1082,596,5,65.8
1083,327,7,102.7
1085,137,7,31.74
1086,2,14,94.4
1087,138,21,193.82
1088,30,9,58.75
1089,390,2,9.3
1092,82,20,104.31
1093,277,2,3.65
1094,113,20,149.79
1095,61,8,57.76
1096,155,2,15.3
1097,59,17,106.48
1099,139,6,39.7
1100,293,10,88.3
1101,367,7,52.0
1102,186,10,73.7
1103,403,10,87.1
1104,64,10,40.25
1105,222,6,34.8
1107,90,20,129.38
1108,153,12,94.06
1109,268,12,93.9
1110,40,18,155.9
1111,40,11,53.3
1112,265,4,26.36
1113,147,11,74.65
1114,173,16,121.12
1115,342,8,68.5
1117,220,3,34.6
1118,5,18,173.4
1119,329,2,22.4
1120,95,17,144.39
1122,9,6,33.0
1123,48,11,73.6
1124,494,4,15.9
1125,41,11,67.56
1126,227,9,124.2
1127,76,12,85.16
1128,178,10,67.25
1129,374,13,179.64
1130,103,11,94.95
1132,99,9,24.64
1133,149,12,143.82
1134,391,7,48.4
1135,173,9,40.97
1136,57,19,209.06
1137,95,6,17.6
1138,119,6,53.3
1139,345,9,72.8
1140,187,8,66.7
1141,380,9,80.8
1142,200,8,81.0
1143,249,12,54.5
1144,76,16,133.25
1145,84,6,34.6
1146,109,20,157.52
1147,409,6,49.2
1148,94,19,118.76
1149,18,7,34.6
1150,26,10,54.4
1151,104,5,68.8
1152,164,8,83.05
1153,22,17,101.5
1154,227,9,35.2
1155,3,8,89.3
1156,108,2,24.0
1157,452,7,136.9
1158,74,11,49.1
1159,199,6,25.45
1160,40,15,118.51
1161,291,7,78.3
1162,146,12,113.5
1163,16,9,54.1
1164,275,5,31.1
1165,1,9,136.2
1166,575,4,29.1
1167,317,4,23.5
1168,299,9,86.6
1170,29,20,184.44
1171,239,10,75.3
1173,69,9,36.5
1174,322,11,59.9
1176,135,14,96.65
1177,77,4,10.45
1178,45,11,114.24
1179,475,5,112.6
1180,493,4,9.9
1181,44,8,38.2
1182,31,16,199.82
1183,184,16,97.6
1184,197,5,43.5
1185,128,10,108.9
1186,248,9,51.83
1187,18,7,14.77
1188,355,8,69.7
1189,544,4,30.55
1190,64,17,161.1
1191,144,6,100.6
1192,355,5,28.4
1193,48,4,22.56
1194,231,9,73.2
1195,56,6,64.06
1196,33,8,34.42
1197,38,18,153.6
1198,333,7,167.9
1199,20,13,57.5
1200,95,8,26.05
1201,401,4,34.8
1202,161,10,61.6
1204,160,16,142.1
1205,291,10,69.1
1206,229,14,96.6
1207,46,8,62.06
1208,14,11,171.46
1209,414,9,121.29
1211,220,16,107.75
1212,152,8,68.4
1213,107,11,94.6
1214,354,6,58.9
1215,346,9,76.71
1216,127,14,183.2
1217,315,8,68.6
1218,1,20,194.2
1219,454,4,32.6
1220,1,16,182.45
1221,410,2,1.7
1222,97,4,16.8
1223,30,10,61.6
1224,466,4,83.3
1225,224,19,127.0
1226,48,10,84.55
1227,601,2,7.7
1228,310,3,16.6
1229,285,8,146.4
1230,41,13,66.85
1231,64,16,156.0
1232,182,7,33.0
1233,139,19,98.36
1234,40,10,74.44
1235,215,18,153.88
1236,233,5,40.6
1237,265,20,160.8
1238,304,2,27.0
1239,121,16,139.0
1240,260,12,58.64
1241,222,11,156.22
1242,16,17,125.11
1244,400,8,39.02
1245,26,19,167.71
1246,366,8,57.4
1247,452,4,17.4
1248,15,16,166.65
1249,445,5,62.8
1250,448,2,1.3
1251,34,3,6.6
1252,261,10,104.9
1253,193,6,51.94
1254,255,5,115.0
1255,460,2,26.8
1256,123,12,99.65
1257,470,4,20.0
1258,508,6,50.9
1260,452,4,48.74
1261,223,8,47.05
1262,526,6,46.6
1263,437,4,39.8
1264,23,17,145.0
1266,490,2,10.8
1267,594,2,15.0
1268,437,9,57.8
1269,91,14,123.62
1270,249,6,67.06
1272,521,2,28.8
1273,240,4,24.6
1274,538,7,63.88
1276,37,13,101.5
1277,29,15,108.21
1278,21,15,95.2
1279,111,17,112.9
1280,140,8,47.1
1281,211,9,91.9
1282,42,10,40.7
1283,47,16,144.7
1284,485,4,25.6
1285,162,14,107.4
1286,140,16,124.45
1287,124,17,180.92
1288,458,7,92.68
1289,52,11,125.9
1290,99,13,107.5
1291,285,12,55.0
1292,67,4,22.7
1293,65,11,93.46
1294,373,12,120.4
1295,160,8,62.35
1296,37,17,154.34
1297,382,9,108.15
1298,156,7,60.8
1299,210,8,23.1
1300,482,2,21.0
1301,57,7,54.0
1302,92,10,56.96
1303,113,14,82.0
1304,135,7,68.5
1305,220,12,114.3
1306,40,9,58.19
1307,191,12,66.7
1308,291,8,89.4
1309,273,11,88.35
1310,403,4,12.4
1311,184,8,79.5
1312,226,14,197.8
1313,5,2,17.3
1314,481,2,2.9
1315,53,6,82.0
1316,279,6,49.6
1317,522,6,32.54
1318,95,5,51.3
1319,134,9,63.8
1320,345,10,90.72
1321,261,5,14.6
1322,72,15,140.64
1323,57,7,39.1
1324,3,14,179.2
1325,218,9,80.3
1326,51,11,103.8
1327,143,18,136.92
1328,281,10,88.82
1329,221,16,146.6
1330,58,11,118.4
1331,31,9,61.75
1332,28,15,64.1
1333,99,18,145.5
1334,206,5,27.0
1335,73,12,94.45
1336,270,9,192.85
1337,5,4,70.5
1338,506,5,25.1
1339,32,12,76.7
1340,42,14,82.7
1341,61,12,139.4
1342,314,13,132.05
1343,59,10,124.22
1344,117,5,25.5
1345,162,10,78.36
1346,236,7,59.7
1347,106,13,118.2
1348,104,6,58.0
1349,17,11,77.52
1350,483,6,19.2
1351,307,6,63.1
1354,29,13,74.95
1355,102,13,92.7
1356,113,10,131.44
1357,115,6,24.3
1358,1,12,98.4
1359,580,4,46.4
1360,14,16,195.2
1361,113,17,100.9
1362,85,5,62.7
1363,77,13,96.6
1364,152,8,35.4
1365,58,12,62.5
1367,147,5,70.9
1368,168,2,33.9
1369,394,8,23.6
1370,178,11,61.1
1371,233,6,90.3
1372,188,10,97.3
1373,164,14,153.4
1374,147,10,33.2
1375,80,2,7.2
1376,183,7,37.58
1377,291,11,92.9
1378,79,4,52.5
1380,39,11,101.1
1381,282,15,104.75
1382,92,6,43.0
1383,310,6,41.0
1384,11,15,86.6
1385,34,15,164.7
1386,152,6,54.8
1387,578,6,47.46
1388,271,7,44.2
1389,315,8,36.3
1390,303,12,99.87
1391,131,13,97.4
1392,254,6,85.9
1393,491,7,44.15
1394,220,4,56.1
1395,79,23,174.64
1396,161,8,106.52
1397,9,2,11.8
1398,259,8,86.51
1399,385,9,80.1
1400,445,2,7.8
1401,215,4,13.6
1402,442,4,17.8
1403,228,10,68.4
1404,241,18,159.5
1405,305,6,45.2
1406,2,12,102.2
1408,160,7,31.9
1409,155,6,37.06
1411,313,4,70.32
1412,44,12,86.27
1413,381,7,63.8
1414,220,2,3.4
1415,367,4,10.8
1416,130,14,137.7
1417,103,10,70.1
1418,393,7,38.7
1419,267,15,165.5
1420,22,11,82.35
1421,145,11,50.12
1422,87,19,152.4
1423,443,6,49.46
1424,82,6,79.3
1425,97,10,44.32
1426,175,10,74.04
1427,34,16,92.4
1428,346,13,107.14
1429,326,5,31.1
1430,13,16,203.6
1431,53,9,48.3
1432,148,11,96.1
1433,464,4,50.6
1434,397,8,49.5
1435,250,15,175.55
1436,304,2,13.49
1437,137,4,20.05
1438,32,17,188.94
1439,139,2,10.9
1440,24,12,102.6
1442,121,13,88.1
1443,82,11,93.4
1444,1,20,163.32
1445,607,6,25.8
1446,484,8,63.26
1447,573,3,30.0
1448,286,4,39.1
1449,88,9,54.45
1450,44,15,106.1
1451,337,6,54.56
1452,35,15,191.04
1453,404,4,34.8
1454,69,11,110.7
1455,287,2,20.4
1456,40,18,168.74
1457,355,12,139.4
1458,128,7,46.9
1459,165,4,32.66
1460,189,10,163.7
1461,9,8,77.3
1462,462,4,19.7
1463,6,6,35.1
1464,210,5,21.8
1465,51,17,190.96
1466,29,22,209.8
1467,132,5,73.0
1468,82,15,105.24
1469,489,2,9.5
1470,567,2,29.7
1471,496,4,16.8
1472,102,16,112.6
1473,89,10,93.9
1474,154,12,84.8
1475,13,10,106.93
1476,126,13,111.84
1477,40,17,172.9
1478,321,8,71.2
1479,229,14,95.29
1480,39,13,114.44
1481,209,4,23.8
1482,38,20,115.28
1483,186,19,169.22
1484,84,8,143.6
1485,171,4,51.9
1486,16,17,115.9
1487,423,7,34.9
1488,32,8,96.8
1489,190,13,60.7
1490,87,4,45.5
1491,0,11,108.4
1492,335,11,98.0
1493,90,15,113.7
1494,92,16,175.74
1495,355,9,62.5
1496,613,2,16.8
1497,81,9,123.42
1498,63,8,56.1
1499,51,10,48.5
1500,284,16,127.52
1501,135,10,122.6
1502,60,7,49.3
1503,135,9,94.5
1504,30,11,151.7
1505,64,8,100.56
1506,370,5,76.0
1507,191,16,130.6
1508,45,8,35.9
1509,0,17,146.2
1510,66,18,174.51
1511,283,4,40.42
1512,101,10,59.21
1513,48,10,115.8
1514,128,10,63.54
1515,32,13,93.1
1516,336,4,70.72
1517,151,9,55.5
1518,19,7,66.45
1519,428,2,13.4
1520,307,6,81.5
1521,369,6,86.8
1522,371,19,216.19
1523,277,10,124.75
1524,25,9,52.8
1525,431,5,61.1
1526,34,11,84.49
1527,0,14,65.9
1528,106,8,85.5
1529,196,7,49.7
1530,445,5,40.9
1531,345,4,27.7
1532,193,6,93.3
1533,53,6,60.14
1534,139,18,153.31
1535,180,8,114.36
1536,242,8,60.4
1537,332,5,16.0
1538,30,6,45.55
1539,94,5,37.6
1540,34,12,130.9
1542,145,13,136.2
1544,308,9,74.16
1545,74,7,36.8
1546,361,9,51.8
1547,256,7,57.5
1548,455,6,45.1
1549,287,9,120.85
1550,230,7,67.95
1551,141,13,92.7
1553,162,14,95.7
1554,223,15,183.5
1555,278,2,37.2
1556,578,2,20.9
1557,148,4,108.6
1558,268,2,15.4
1559,88,7,103.0
1560,593,2,1.9
1561,158,19,135.55
1562,233,6,66.9
1563,612,5,35.0
1564,68,8,83.0
1566,41,21,145.76
1567,263,17,192.08
1569,589,8,46.4
1570,285,5,41.0
1571,220,8,34.5
1572,100,20,182.1
1573,343,6,36.9
1574,148,23,205.7
1575,360,10,38.62
1577,289,2,32.1
1578,190,8,57.2
1579,563,2,11.5
1580,25,16,53.35
1581,139,6,83.7
1582,146,6,95.06
1583,37,20,157.65
1584,173,16,141.95
1585,357,8,38.3
1586,607,6,25.9
1587,182,13,101.62
1588,78,8,109.54
1589,490,4,46.0
1590,137,6,43.7
1591,285,10,103.2
1592,397,2,4.4
1593,144,7,32.6
1594,341,6,23.3
1595,86,21,171.5
1596,169,10,35.45
1597,328,8,58.2
1598,303,7,29.2
1599,78,13,71.64
1601,21,6,85.5
1602,123,14,148.0
1603,91,15,106.75
1604,49,8,48.0
1605,177,11,47.1
1606,49,8,128.0
1607,444,6,35.76
1608,47,18,170.12
1609,13,15,203.1
1610,218,6,25.7
1611,270,10,93.85
1612,54,16,102.3
1613,127,15,164.7
1614,70,4,85.42
1615,27,12,69.5
1616,22,13,132.0
1617,275,9,35.1
1618,150,16,192.72
1619,62,11,132.61
1620,132,11,160.1
1621,313,14,150.72
1622,294,10,72.96
1623,58,12,135.7
1624,8,9,151.0
1625,33,18,205.26
1626,315,2,4.1
1627,263,9,37.0
1628,41,15,118.4
1629,205,6,60.9
1630,222,4,16.5
1631,138,5,48.6
1632,15,14,117.04
1633,143,6,32.62
1634,27,19,107.3
1635,35,6,41.86
1636,25,12,119.6
1638,293,8,81.5
1639,81,7,114.8
1641,190,12,94.7
1642,458,2,5.9
1643,246,4,12.0
1644,535,5,62.62
1645,451,4,31.7
1646,124,17,151.66
1647,10,7,82.88
1648,243,10,89.0
1649,31,18,178.7
1650,551,6,39.8
1652,288,12,105.5
1653,23,18,201.0
1655,40,9,109.1
1656,61,12,107.14
1657,597,6,38.9
1658,118,12,113.3
1659,30,15,145.5
1660,157,7,76.25
1661,52,17,115.16
1662,201,5,30.0
1663,49,13,100.1
1664,273,10,57.4
1665,31,6,30.0
1666,259,4,38.7
1667,352,2,41.6
1668,131,11,127.2
1669,133,9,52.74
1670,38,9,73.5
1672,84,6,39.6
1674,26,12,115.55
1676,80,10,57.6
1678,46,8,61.4
1679,22,11,53.2
1680,385,6,67.2
1681,542,6,20.1
1682,59,20,155.66
1683,132,5,29.2
1684,361,8,79.9
1685,134,8,26.7
1686,594,6,39.9
1687,439,11,85.3
1688,50,2,10.1
1689,386,5,54.8
1690,131,16,125.8
1692,185,15,121.65
1693,3,12,71.9
1694,455,6,37.8
1695,329,2,20.6
1696,87,13,81.95
1697,43,15,78.66
1698,161,8,50.64
1699,96,10,98.4
1700,61,4,18.64
1701,227,2,37.9
1702,350,12,71.5
1703,312,14,125.6
1705,79,8,50.85
1706,138,14,155.0
1707,204,4,24.5
1708,2,16,159.4
1709,252,4,34.4
1710,25,6,100.0
1711,38,19,163.66
1712,487,5,79.1
1714,150,5,44.4
1716,501,8,101.2
1717,51,8,55.3
1718,291,7,62.95
1719,104,13,85.84
1720,25,7,39.04
1721,76,6,11.8
1722,125,13,68.45
1723,22,10,87.34
1724,112,11,107.0
1725,429,6,82.35
1726,4,13,132.1
1727,165,6,32.4
1728,137,7,41.1
1729,15,15,174.7
1730,5,8,43.0
1731,40,12,97.2
1732,215,7,50.0
1733,190,17,133.6
1734,170,17,181.0
1735,511,5,104.0
1736,123,12,83.0
1737,116,21,156.95
1738,455,8,40.85
1739,213,4,55.9
1740,404,16,125.8
1741,10,13,117.6
1742,18,9,111.7
1743,47,14,86.6
1744,93,4,7.65
1746,77,10,49.5
1747,378,11,67.2
1748,297,19,85.8
1749,360,8,87.34
1750,325,12,112.96
1751,280,10,58.9
1752,255,10,48.6
1753,131,17,124.5
1754,104,14,108.8
1755,574,4,16.9
1756,98,9,72.6
1757,7,15,108.0
1758,307,14,127.84
1759,95,12,127.8
1760,341,8,50.8
1762,182,4,11.0
1763,3,7,57.45
1764,45,11,58.6
1765,294,8,112.8
1766,343,5,79.75
1767,67,12,102.36
1768,117,19,122.61
1769,0,5,26.8
1770,41,10,45.52
1771,282,6,34.0
1772,58,8,57.5
1773,59,9,71.1
1774,145,12,62.65
1775,80,2,41.4
1776,259,14,109.3
1777,27,20,185.9
1778,373,6,85.3
1779,63,9,101.1
1780,78,21,119.05
1781,207,6,65.46
1782,81,13,164.2
1783,176,18,126.24
1784,95,7,66.7
1785,9,19,193.0
1786,323,6,24.3
1788,10,16,105.55
1789,69,10,100.4
1790,276,4,22.7
1791,454,8,59.4
1792,137,13,182.84
1794,104,5,26.3
1795,271,4,65.75
1796,57,14,86.4
1797,411,11,92.09
1798,363,17,135.2
1799,94,9,46.82
1800,152,12,81.4
1801,201,11,47.3
1803,232,9,53.9
1804,30,9,81.9
1805,204,7,42.3
1806,177,10,108.12
1807,12,6,85.7
1808,162,10,109.8
1809,429,6,38.4
1810,443,12,107.2
1811,98,18,145.3
1812,77,4,49.8
1813,394,3,50.9
1814,40,12,97.4
1815,122,11,67.3
1816,496,10,88.11
1817,131,12,133.2
1818,111,10,48.6
1819,12,17,206.9
1820,267,10,85.4
1821,223,8,140.2
1822,302,12,59.9
1823,33,11,120.9
1824,59,9,70.4
1825,39,13,104.9
1826,376,2,11.7
1827,182,23,158.6
1828,281,9,38.25
1829,194,8,67.0
1830,348,4,36.5
1831,355,7,67.15
1832,43,16,154.75
1833,159,10,80.8
1834,38,7,72.16
1835,191,10,106.64
1836,113,6,95.0
1837,174,12,87.75
1838,280,10,91.9
1839,82,11,142.2
1840,367,5,40.9
1841,234,4,28.6
1842,310,6,45.8
1843,24,9,56.65
1844,47,15,109.72
1845,145,7,20.0
1846,31,12,62.5
1847,257,9,60.05
1848,177,8,47.25
1849,188,8,61.42
1850,294,8,99.2
1851,172,10,82.0
1852,478,9,54.52
1853,213,9,126.1
1854,157,6,38.7
1855,51,13,160.65
1856,65,8,95.9
1857,111,5,80.7
1858,249,5,38.7
1859,216,11,161.4
1860,522,4,14.7
1861,140,5,32.9
1863,148,14,110.6
1864,94,8,61.6
1865,27,14,146.6
1867,276,11,67.7
1868,424,7,68.5
1869,228,11,51.0
1871,381,2,21.9
1872,128,10,47.7
1873,102,5,39.1
1874,154,9,35.9
1875,154,5,69.9
1876,197,2,25.3
1877,456,11,43.22
1878,33,21,127.61
1879,417,8,34.4
1880,106,4,18.8
1881,76,11,51.05
1882,96,6,97.4
1883,55,10,66.7
1884,19,12,105.05
1885,5,11,78.5
1886,28,4,22.56
1887,51,22,185.8
1888,207,14,183.1
1890,217,8,197.2
1891,543,6,22.8
1892,40,15,109.12
1893,270,8,92.3
1894,88,14,141.2
1895,402,13,118.38
1896,379,12,111.3
1897,339,8,47.4
1898,414,2,12.8
1899,67,12,93.64
1900,97,10,74.44
1901,31,12,99.2
1902,29,7,59.22
1903,295,10,62.45
1904,256,6,61.2
1907,164,5,51.2
1908,157,20,180.64
1909,121,7,44.8
1910,61,10,85.6
1911,211,7,74.66
1912,130,6,55.1
1913,134,16,195.7
1914,209,7,36.55
1915,145,4,13.0
1916,44,7,34.65
1917,154,11,137.0
1918,92,4,70.4
1919,134,4,39.6
1920,317,6,30.0
1921,49,14,193.0
1922,84,19,98.9
1923,24,12,93.15
1924,43,14,72.99
1925,575,2,10.7
1926,75,6,65.0
1927,229,6,38.6
1928,104,9,99.8
1929,173,21,126.9
1930,45,13,115.3
1931,82,16,157.7
1932,114,20,179.8
1933,435,2,16.2
1934,146,19,185.8
1935,489,11,49.6
1936,137,6,42.2
1937,74,13,67.8
1938,236,10,72.0
1939,61,14,137.52
1940,42,11,204.15
1941,105,5,36.6
1942,441,4,39.0
1943,91,20,140.86
1944,121,4,21.7
1945,244,14,115.9
1946,22,12,110.5
1947,532,9,112.0
1948,127,21,129.75
1950,49,10,43.35
1951,69,6,108.1
1952,37,10,85.3
1953,296,4,57.2
1954,146,11,114.62
1955,320,8,76.12
1957,333,4,20.8
1958,180,7,101.5
1959,17,19,160.6
1960,355,4,25.2
1961,15,12,54.9
1962,205,10,70.8
1963,0,2,11.1
1964,394,10,53.17
1965,148,4,44.2
1966,433,16,91.24
1967,64,15,93.95
1968,88,11,101.0
1969,160,14,76.76
1970,567,9,100.7
1971,103,8,120.55
1972,211,5,25.9
1973,67,2,114.9
1974,241,5,76.6
1975,95,4,23.3
1976,77,3,6.7
1977,352,3,41.9
1978,299,6,105.9
1979,39,17,193.7
1980,76,10,49.83
1981,60,4,54.7
1982,16,7,89.2
1983,143,16,199.6
1985,34,8,39.75
1987,76,9,76.0
1988,113,6,56.9
1989,112,2,7.6
1990,151,6,42.2
1991,21,23,201.2
1992,124,8,103.8
1993,175,9,81.9
1994,86,12,83.1
1995,201,15,58.22
1996,234,10,51.75
1997,2,21,150.12
1999,128,16,159.24
2000,129,7,82.4
2002,71,7,47.3
2003,37,6,44.7
2004,131,13,118.8
2005,99,13,83.99
2006,22,4,32.0
2007,37,6,51.85
2008,70,6,11.65
2009,80,6,49.4
2010,11,12,55.34
2011,7,18,86.86
2012,276,4,13.2
2013,122,7,32.45
2014,190,19,84.5
2015,232,4,22.6
2016,137,4,47.6
2017,68,16,180.4
2018,127,13,139.6
2019,46,18,91.1
2020,41,9,67.8
2021,352,2,20.6
2023,121,7,64.1
2024,527,4,10.25
2025,412,8,73.4
2026,411,4,75.2
2027,447,4,37.45
2028,10,13,134.29
2029,175,11,86.7
2030,117,7,33.22
2031,307,13,153.9
2032,155,7,54.45
2033,319,11,201.5
2034,80,6,62.46
2035,7,11,113.22
2036,490,6,32.3
2037,255,8,101.95
2038,227,10,76.95
2039,99,4,47.4
2040,84,15,140.0
2041,97,14,146.7
2042,41,14,139.24
2043,253,16,113.56
2044,14,9,66.01
2045,23,15,148.4
2046,131,5,35.25
2047,10,12,96.8
2048,14,12,73.2
2049,84,9,95.3
2050,185,4,23.9
2053,100,8,32.2
2054,15,12,95.12
2055,52,17,101.85
2056,36,18,145.23
2057,47,5,32.54
2058,209,12,65.76
2059,479,9,165.35
2060,157,5,36.4
2061,3,9,112.0
2062,99,8,48.11
2063,33,13,116.9
2064,131,8,53.0
2065,342,14,84.0
2066,223,12,137.7
2067,140,9,36.54
2068,206,12,81.65
2069,181,10,146.1
2071,77,10,82.66
2072,32,12,73.2
2073,195,9,83.65
2074,10,11,55.2
2075,344,6,18.0
2076,26,8,58.0
2077,229,15,170.9
2078,75,6,59.04
2079,164,14,168.41
2080,253,5,53.6
2081,342,10,103.0
2082,37,10,45.9
2083,53,12,108.0
2084,137,3,25.3
2085,252,8,66.7
2086,211,20,182.4
2087,265,10,70.0
2088,324,5,32.7
2089,60,16,161.3
2091,72,11,69.4
2092,54,16,95.3
2093,201,16,159.3
2094,602,6,34.44
2095,92,6,38.2
2096,339,2,8.6
2097,90,11,111.27
2098,436,7,35.8
2100,78,15,151.14
2101,10,11,39.6
2102,234,12,108.5
2103,294,2,20.55
2104,71,9,110.4
2105,343,5,72.06
2106,36,12,56.4
2107,33,18,107.5
2108,90,6,53.1
2109,63,10,51.9
2110,154,8,81.5
2111,308,8,63.51
2112,572,4,19.0
2113,114,8,44.6
2114,54,6,33.3
2115,42,7,61.4
2116,123,4,12.1
2117,53,13,146.28
2118,165,5,68.2
2119,97,8,69.2
2120,84,14,180.0
2121,422,4,20.6
2122,267,10,82.15
2123,572,3,38.6
2125,188,6,60.9
2126,612,2,49.0
2127,41,12,95.22
2128,142,11,111.23
2129,141,15,109.9
2131,125,12,90.0
2132,376,11,76.2
2133,147,16,169.96
2134,95,7,69.4
2135,339,8,62.8
2136,323,2,9.0
2137,614,4,93.3
2139,258,12,81.6
2140,0,6,22.7
2141,297,9,31.0
2142,188,19,156.0
2143,158,7,49.3
2144,359,10,148.6
2145,18,5,16.8
2146,193,6,72.9
2147,48,9,53.6
2148,164,10,62.25
2149,221,9,93.0
2151,92,11,176.94
2152,118,11,78.9
2153,381,4,17.09
2154,290,11,97.7
2155,414,8,40.4
2156,145,9,44.2
2157,62,11,120.56
2158,151,11,56.8
2159,166,8,80.06
2160,85,12,126.96
2161,462,4,19.92
2162,194,10,107.5
2165,115,12,65.3
2166,20,15,117.75
2167,22,9,122.4
2168,35,7,40.95
2169,59,11,83.4
2170,195,10,94.45
2171,118,18,187.5
2172,303,5,59.8
2173,141,4,40.1
2174,468,7,30.8
2175,299,13,102.52
2176,144,13,108.8
2177,454,6,43.85
2178,10,11,177.1
2179,258,4,41.15
2180,377,5,21.1
2181,190,7,73.6
2183,366,7,45.6
2185,80,11,69.9
2186,120,20,128.25
2187,136,6,37.75
2188,32,10,74.75
2190,80,6,39.1
2191,50,10,101.67
2192,323,5,27.3
2194,208,15,127.91
2195,173,8,58.76
2196,82,14,103.4
2197,542,2,13.8
2198,507,2,22.8
2199,576,4,33.0
2200,81,10,94.9
2201,222,14,117.65
2202,93,13,169.45
2203,186,2,64.2
2204,94,12,108.6
2205,298,8,54.3
2206,74,7,40.5
2207,266,8,74.2
2208,153,8,95.8
2209,88,14,156.4
2211,31,13,74.3
2212,63,12,88.4
2213,492,2,5.3
2214,345,4,30.6
2215,34,14,128.8
2216,43,2,24.2
2217,28,8,91.05
2218,181,13,80.6
2219,257,6,19.2
2220,148,6,28.2
2221,12,6,83.42
2222,2,19,170.95
2225,246,10,82.5
2226,296,13,108.1
2227,193,5,27.7
2228,214,4,45.66
2229,8,22,210.51
2230,216,17,186.6
2231,27,15,109.2
2232,238,14,155.7
2233,124,9,86.05
2234,6,20,164.2
2235,66,13,113.35
2236,330,13,104.36
2237,324,9,89.6
2238,24,12,100.9
2239,17,12,69.41
2240,29,12,81.54
2241,73,9,78.9
2242,208,12,87.82
2243,106,10,74.9
2244,276,15,141.8
2245,229,8,98.56
2246,123,5,108.3
2247,213,11,68.15
2248,288,2,4.4
2249,215,4,55.1
2250,76,8,73.4
2251,190,16,205.0
2252,83,20,131.17
2253,162,6,34.3
2254,340,12,135.7
2255,12,12,105.85
2256,131,9,85.35
2257,229,8,64.9
2258,437,7,33.3
2259,562,6,26.15
2260,61,8,62.75
2261,184,13,65.5
2262,56,10,108.95
2263,181,2,39.9
2264,352,8,59.2
2265,96,14,93.85
2266,91,9,86.3
2267,49,14,151.6
2269,101,6,81.9
2272,116,13,142.0
2273,33,14,89.0
2274,359,11,79.34
2275,150,4,33.32
2276,353,7,58.7
2277,346,7,89.46
2278,142,6,42.84
2279,400,8,90.6
2280,353,4,35.5
2281,64,2,53.7
2282,233,3,57.6
2283,346,7,38.42
2284,287,13,131.4
2285,14,4,26.2
2286,26,6,99.9
2287,14,8,84.2
2288,213,12,83.12
2289,56,16,137.84
2290,111,11,94.2
2291,101,12,97.85
2292,280,2,12.4
2293,11,19,140.56
2294,98,22,202.0
2295,2,10,47.9
2296,566,2,5.35
2297,304,2,5.92
2298,85,20,166.8
2299,50,7,69.07
2300,102,10,107.3
2301,6,9,39.35
2303,518,6,122.6
2304,182,2,6.4
2305,93,7,102.34
2306,82,13,93.54
2307,184,11,121.62
2308,476,6,28.6
2309,1,12,64.07
2310,281,16,137.68
2311,59,17,117.2
2312,229,9,74.5
2313,315,5,38.54
2314,35,10,67.3
2315,10,14,128.42
2316,205,6,83.16
2318,348,6,33.7
2319,234,6,82.3
2320,387,10,110.9
2321,197,13,121.2
2323,368,6,52.3
2324,134,6,41.6
2325,258,15,110.58
2326,31,9,57.3
2327,22,10,78.0
2328,311,7,69.7
2329,168,4,30.3
2330,420,4,17.4
2331,32,13,82.22
2332,15,13,97.8
2335,160,5,30.2
2336,84,11,120.84
2337,137,13,105.8
2338,22,11,121.2
2339,589,10,110.0
2340,32,18,134.4
2341,373,10,115.02
2342,376,4,26.3
2343,214,9,37.1
2345,13,10,51.5
2346,104,15,191.9
2347,337,4,33.3
2348,19,18,158.91
2349,166,16,116.32
2350,579,4,10.5
2351,358,6,62.64
2352,239,6,53.09
2353,242,9,50.7
2354,497,6,15.3
2355,159,12,89.7
2356,121,14,129.0
2357,98,19,149.35
2358,15,9,111.16
2359,124,13,101.62
2360,315,6,73.3
2361,88,8,57.5
2362,37,14,105.75
2363,66,11,156.6
2364,113,15,106.3
2365,192,17,158.6
2366,134,13,71.5
2368,49,8,53.8
2369,74,8,143.5
2370,109,19,178.26
2371,122,6,56.6
2372,118,6,19.6
2373,495,2,10.1
2374,190,14,154.3
2375,21,11,138.6
2376,216,8,93.0
2377,258,5,35.0
2378,259,4,49.0
2379,102,6,78.5
2380,82,16,177.75
2381,227,19,165.02
2383,86,12,147.29
2384,362,6,32.6
2386,25,12,83.0
2388,406,8,60.62
2389,47,16,166.19
2390,131,14,51.56
2391,25,15,100.4
2392,15,7,50.8
2393,257,14,98.1
2395,408,5,107.6
2396,496,11,79.85
2397,87,6,51.94
2398,356,7,26.2
2399,321,11,139.3
2400,283,12,154.15
2401,11,10,111.3
2402,115,10,66.83
2403,29,13,142.1
2404,76,11,81.3
2406,23,17,110.96
2407,295,10,76.3
2408,112,21,189.93
2410,39,11,78.0
2412,292,6,69.7
2413,17,14,86.65
2414,574,2,21.0
2415,144,14,133.9
2416,55,9,81.6
2417,422,2,11.4
2419,130,9,93.8
2420,94,9,64.5
2421,38,21,150.3
2422,49,10,60.0
2423,517,4,34.8
2424,458,6,68.1
2425,313,3,7.5
2426,113,17,203.5
2427,187,9,46.15
2428,131,17,85.45
2429,184,4,33.96
2430,344,12,98.4
2431,64,12,77.57
2432,18,14,137.0
2434,103,7,86.5
2435,92,12,157.05
2436,36,11,86.6
2437,45,15,134.7
2438,313,4,51.6
2439,60,10,92.34
2441,180,15,73.92
2444,196,8,56.43
2445,427,8,87.6
2446,113,9,79.8
2447,2,21,204.0
2448,1,17,74.9
2449,175,8,85.6
2450,152,6,49.7
2451,458,7,30.65
2452,141,11,129.16
2453,9,15,114.69
2454,50,19,140.7
2455,360,4,45.7
2457,382,6,23.0
2458,129,6,55.7
2459,99,13,100.7
2460,12,9,70.7
2461,87,5,38.3
2462,280,5,67.78
2463,4,6,19.2
2464,164,8,76.7
2465,3,11,124.3
2466,81,9,150.2
2467,84,12,86.8
2468,292,8,29.8
2469,98,13,104.8
2470,230,11,64.3
2471,139,9,57.3
2472,347,8,57.1
2473,182,6,26.4
2474,324,2,11.0
2475,50,14,126.8
2476,26,10,37.85
2477,209,7,26.9
2478,484,5,111.45
2479,351,10,40.05
2480,101,13,46.7
2481,36,6,74.76
2483,63,8,75.5
2484,140,14,136.75
2485,226,7,46.45
2486,35,5,41.15
2487,174,4,18.1
2488,133,7,69.5
2489,8,10,62.42
2490,12,6,19.92
2492,50,20,209.84
2493,145,5,20.7
2494,118,16,121.4
2495,155,11,83.7
2496,28,8,99.36
2497,511,2,4.9
2499,38,15,159.22
2500,24,9,85.55
2501,112,4,23.0
2502,259,14,97.62
2503,325,2,63.9
2504,138,11,127.7
2505,30,11,76.9
2506,3,8,56.9
2507,0,13,125.6
2508,3,9,61.25
2509,168,8,105.1
2510,92,14,121.8
2511,169,21,202.74
2513,15,12,80.3
2514,58,10,79.9
2515,161,12,96.28
2516,152,8,48.3
2518,180,12,100.5
2519,210,14,99.7
2520,24,6,34.77
2521,16,10,70.2
2522,509,8,49.3
2523,179,15,130.06
2525,44,11,97.54
2526,75,4,21.1
2527,141,5,53.1
2528,72,7,65.3
2530,122,11,77.54
2531,493,4,57.5
2532,177,12,90.75
2533,372,7,70.4
2534,52,14,123.52
2535,50,13,95.5
2536,53,7,59.3
2537,77,8,35.6
2538,156,7,43.2
2539,45,4,20.6
2540,300,17,132.7
2541,474,6,28.2
2542,36,8,71.0
2543,139,10,85.85
2544,335,9,74.6
2545,42,12,43.35
2546,237,5,37.8
2547,36,12,148.6
2548,5,10,63.45
2549,128,16,201.92
2550,7,16,163.14
2551,70,6,83.6
2552,359,13,119.52
2553,163,14,73.23
2555,7,15,194.4
2556,124,10,95.8
2557,68,6,58.4
2558,140,2,10.6
2559,429,6,72.7
2561,133,9,74.85
2562,411,10,111.2
2563,1,14,98.55
2564,169,10,87.8
2565,93,12,75.74
2566,333,3,44.92
2567,526,2,22.4
2568,82,19,167.3
2569,167,7,91.1
2570,128,11,86.4
2571,166,8,76.1
2572,217,2,39.4
2573,361,16,157.4
2574,19,11,98.44
2575,292,4,74.2
2576,370,4,52.3
2577,66,8,29.45
2578,29,18,155.76
2579,266,6,92.3
2580,43,12,124.0
2581,16,12,99.85
2582,46,12,143.8
2583,279,5,67.5
2584,249,20,153.97
2585,291,10,35.4
2586,65,5,53.1
2587,211,13,84.25
2588,2,5,42.8
2589,245,18,97.64
2590,14,10,104.5
2591,385,3,4.8
2592,90,15,112.54
2593,443,6,41.32
2594,223,8,49.3
2595,341,17,134.45
2597,137,15,125.25
2598,49,3,59.1
2599,38,15,160.1
2600,14,19,158.9
2601,69,19,197.0
2602,19,17,145.44
2603,550,4,31.86
2604,101,14,103.1
2605,487,6,33.35
2606,338,8,60.7
2607,405,4,19.3
2608,102,8,43.4
2609,126,5,22.6
2610,70,7,75.04
2611,366,7,38.35
2612,213,18,149.25
2613,129,17,75.45
2614,188,2,9.0
2615,580,4,27.2
2616,228,8,72.0
2617,222,16,126.85
2618,27,16,163.9
2619,371,7,43.56
2620,16,8,53.55
2621,459,4,25.2
2622,90,11,65.7
2623,81,9,65.5
2624,134,4,61.8
2626,508,7,39.0
2627,60,8,42.2
2628,393,2,18.0
2629,24,19,178.54
2630,318,7,77.24
2631,94,7,30.5
2633,33,16,102.2
2634,252,5,36.9
2635,104,6,67.2
2636,110,10,78.0
2637,468,4,12.9
2638,446,5,83.4
2639,48,8,61.1
2640,252,1,2.4
2641,304,12,96.1
2642,273,7,43.6
2643,29,12,86.55
2644,588,7,43.9
2645,186,18,135.1
2646,49,7,100.6
2648,52,13,152.7
2649,32,9,85.2
2650,38,16,193.71
2651,475,4,32.12
2652,4,13,116.69
2653,23,12,77.15
2654,35,18,141.7
2655,182,5,45.76
2656,14,10,105.1
2657,223,6,57.2
2658,75,7,26.9
2659,22,16,172.97
2660,475,4,86.2
2661,243,8,71.9
2662,390,6,33.4
2664,101,8,62.9
2665,261,4,84.66
2666,16,16,110.55
2667,197,5,38.29
2668,394,2,4.2
2669,97,11,62.1
2670,245,6,47.1
2671,156,8,56.3
2672,34,12,121.8
2673,20,8,36.1
2674,483,6,41.7
2675,106,6,17.0
2676,53,14,129.9
2677,7,6,33.6
2678,32,11,99.05
2679,379,6,57.39
2680,141,8,70.1
2681,242,6,72.0
2682,29,11,49.2
2683,141,8,82.7
2684,353,3,7.5
2685,84,12,60.4
2686,375,4,27.0
2687,107,16,140.6
2688,38,13,100.1
2689,244,15,85.4
2690,56,17,185.5
2691,56,10,104.3
2692,82,10,125.6
2693,58,11,101.4
2694,36,19,161.76
2695,179,8,74.3
2696,119,11,76.0
2697,541,4,78.7
2698,340,8,61.8
2699,32,10,60.55
2700,45,9,114.88
2701,501,11,104.69
2702,217,9,69.3
2703,100,9,73.0
2704,42,6,39.8
2705,44,6,72.94
2707,73,17,123.56
2708,316,6,79.5
2709,132,11,46.45
2710,77,4,19.5
2711,108,14,107.2
2712,95,13,67.54
2713,134,10,159.3
2714,290,2,36.7
2715,177,15,117.4
2716,98,16,192.1
2718,201,20,170.72
2719,214,14,98.0
2720,552,2,14.9
2721,142,6,41.3
2722,412,4,22.1
2723,57,10,157.5
2724,244,6,81.2
2726,395,8,69.92
2727,15,10,108.4
2728,32,5,50.4
2730,50,11,107.11
2731,263,4,18.0
2732,272,10,68.9
2733,161,6,29.3
2734,275,3,29.14
2735,212,2,7.4
2737,369,6,37.73
2739,102,4,37.2
2740,181,4,53.8
2741,93,12,61.5
2742,81,9,49.85
2744,225,8,69.5
2745,245,15,144.6
2746,215,15,167.15
2747,122,12,131.3
2749,191,7,65.1
2750,107,8,62.95
2751,330,11,96.37
2752,81,2,24.7
2753,113,8,48.2
2754,242,10,82.1
2755,227,15,160.3
2756,37,10,97.9
2757,14,10,127.8
2758,41,20,212.9
2759,156,2,8.0
2760,144,23,135.4
2761,249,15,99.18
2762,12,9,82.35
2763,320,10,53.54
2764,2,13,92.75
2765,30,12,156.25
2766,133,7,75.2
2767,337,5,23.1
2768,363,7,52.1
2769,152,12,132.63
2770,168,5,37.5
2771,126,7,133.7
2773,579,2,14.5
2774,63,7,27.96
2775,54,10,83.3
2776,595,4,25.14
2777,212,10,86.2
2778,549,9,37.59
2780,80,6,66.2
2781,212,13,88.5
2782,204,9,70.7
2783,274,2,7.8
2784,47,13,133.95
2785,73,10,132.96
2786,280,7,71.3
2787,189,16,155.6
2788,118,9,36.6
2789,212,23,209.6
2790,0,8,80.5
2791,404,2,38.1
2792,67,15,92.9
2795,238,12,74.0
2796,74,12,69.0
2797,109,5,50.7
2798,130,8,29.2
2799,111,21,161.7
2800,89,13,78.15
2801,446,8,22.35
2802,380,8,59.2
2803,430,11,96.62
2804,346,9,71.6
2805,122,11,77.85
2807,180,11,63.2
2808,239,6,14.8
2809,264,6,69.35
2810,0,17,171.4
2812,387,3,33.8
2813,44,15,106.6
2814,70,17,152.42
2815,111,8,101.8
2817,8,10,98.8
2818,38,5,42.2
2820,401,2,24.2
2822,12,4,23.48
2823,439,5,63.3
2824,23,9,64.2
2825,1,10,129.9
2826,482,2,13.4
2827,60,8,49.22
2829,11,10,71.9
2830,191,11,71.2
2831,358,9,52.2
2832,58,11,86.65
2833,138,4,52.3
2834,4,10,177.32
2835,82,19,148.52
2836,1,12,143.12
2837,102,11,56.45
2838,50,7,49.8
2839,60,8,180.3
2840,145,15,117.9
2841,10,2,9.0
2842,154,4,67.8
2843,16,9,55.3
2844,223,2,18.8
2845,90,4,31.9
2846,98,6,58.36
2847,37,13,167.0
2848,45,4,21.4
2849,36,11,133.35
2850,278,9,121.6
2852,205,2,19.5
2853,408,5,26.9
2854,325,11,144.02
2855,52,23,215.0
2856,131,4,32.4
2857,256,15,177.8
2858,493,3,36.8
2859,322,4,46.9
2860,10,14,127.48
2861,28,12,70.55
2862,144,6,28.98
2863,541,7,113.0
2864,149,10,76.04
2865,56,8,86.8
2867,7,15,98.22
2868,26,21,163.9
2869,20,14,117.1
2871,10,8,77.25
2872,102,8,82.69
2873,118,16,105.0
2874,112,16,88.1
2875,59,7,57.4
2876,61,12,77.32
2877,264,6,75.5
2878,421,4,11.5
2879,2,13,100.7
2880,57,8,66.5
2881,577,4,28.65
2882,188,11,69.75
2883,79,10,85.7
2884,2,8,84.45
2885,41,14,116.0
2886,383,4,41.4
2887,347,4,31.1
2888,10,9,35.9
2889,344,2,11.1
2890,248,6,51.86
2891,181,5,54.15
2892,405,5,38.0
2893,18,11,101.1
2894,291,2,16.0
2895,138,3,36.3
2897,337,6,96.6
2898,525,7,19.7
2899,36,11,59.6
2900,263,12,72.72
2901,508,8,96.15
2902,136,7,76.7
2903,144,12,54.4
2904,104,9,60.3
2905,69,6,85.8
2906,175,11,94.35
2907,376,17,124.05
2908,290,8,53.2
2909,236,11,105.7
2910,26,15,95.8
2911,169,4,10.85
2912,336,11,61.79
2913,179,4,40.03
2914,30,9,67.1
2915,421,4,85.8
2916,200,13,90.39
2917,582,6,65.7
2919,183,4,32.5
2920,80,11,60.3
2921,398,9,70.4
2922,4,6,46.7
2923,423,5,67.6
2924,41,11,63.16
2925,19,16,111.8
2926,52,7,34.15
2927,330,10,60.36
2928,99,9,164.0
2929,434,4,68.7
2930,282,14,82.5
2931,543,3,27.7
2932,285,17,88.5
2933,268,8,56.8
2934,108,9,58.5
2935,355,10,62.7
2936,205,4,55.2
2937,152,17,102.16
2938,188,7,88.8
2939,149,8,55.8
2940,53,11,74.2
2941,88,12,45.3
2942,332,12,79.35
2943,193,8,54.23
2944,332,13,130.9
2945,164,5,60.8
2946,56,18,162.74
2947,167,7,93.1
2948,194,10,80.24
2949,577,5,40.26
2950,81,15,125.34
2951,8,7,37.65
2952,35,15,149.36
2953,360,3,14.6
2954,208,7,29.5
2955,207,15,69.4
2956,28,11,60.8
2957,33,19,153.56
2958,199,10,76.4
2961,44,20,153.36
2962,248,9,43.45
2963,582,4,13.2
2964,141,12,140.2
2965,571,6,59.45
2966,399,6,31.7
2967,327,6,38.65
2968,74,2,12.64
2969,22,8,73.7
2970,0,7,33.6
2971,337,7,91.62
2972,223,10,87.9
2973,382,12,81.6
2974,4,9,77.7
2975,67,13,89.4
2976,211,5,28.21
2977,44,12,71.5
2978,35,19,133.3
2979,143,10,76.85
2980,247,7,70.96
2981,27,9,43.8
2982,188,12,95.9
2983,110,4,66.0
2984,309,11,49.4
2985,215,6,21.5
2986,225,17,95.1
2988,77,2,10.2
2989,334,11,81.1
2991,317,12,111.78
2992,51,3,15.6
2994,536,6,58.7
2995,315,5,35.59
2996,95,14,187.8
2997,0,16,144.87
2998,169,5,18.6
2999,149,8,76.3
3000,495,2,15.4
3001,6,4,25.2
3002,139,17,141.6
3003,601,6,46.04
3004,323,4,30.35
3005,171,11,99.1
3006,3,7,59.3
3007,393,4,10.7
3008,539,5,27.3
3009,138,14,78.1
3010,138,11,65.44
3011,191,11,45.7
3012,101,6,27.9
3013,131,13,82.3
3015,81,10,79.3
3016,29,7,40.0
3017,93,6,70.8
3018,186,6,28.8
3019,11,5,31.4
3020,125,8,61.3
3021,334,10,58.3
3022,45,9,96.4
3023,155,9,68.8
3024,372,5,54.2
3025,72,11,131.0
3026,340,14,51.25
3027,106,9,74.9
3028,204,15,178.2
3029,213,6,89.36
3030,381,10,101.4
3031,12,15,187.8
3032,208,4,24.55
3033,461,8,75.0
3034,222,10,73.5
3035,31,13,74.9
3036,103,16,80.44
3037,310,5,21.1
3038,353,12,76.3
3039,32,10,40.95
3040,445,4,54.4
3041,106,14,123.49
3042,3,22,123.1
3043,359,2,41.4
3044,92,19,120.62
3045,279,11,143.15
3046,42,23,163.8
3047,114,5,28.3
3049,328,4,82.9
3051,31,13,100.2
3052,179,5,22.05
3053,5,9,82.2
3054,185,18,123.6
3055,134,5,56.2
3056,137,4,33.4
3057,532,5,35.1
3058,156,8,72.4
3059,382,9,86.54
3060,178,7,45.4
3061,25,8,42.35
3062,151,11,98.82
3063,2,10,78.2
3064,362,4,16.4
3065,367,7,46.95
3066,24,12,72.0
3067,33,10,118.08
3068,194,7,54.1
3069,265,5,29.0
3071,200,15,143.85
3072,205,16,140.15
3073,347,5,30.0
3074,261,5,40.14
3075,76,6,40.2
3076,22,4,45.7
3077,121,17,148.01
3078,120,5,27.3
3079,295,8,84.3
3081,463,15,128.03
3083,467,10,92.95
3084,65,14,84.5
3085,172,4,36.2
3086,270,12,61.74
3087,368,6,18.4
3088,27,8,62.8
3089,74,11,94.5
3090,56,22,145.22
3092,6,6,39.0
3093,292,2,7.32
3094,85,17,105.45
3095,78,16,114.0
3096,130,7,48.3
3097,142,2,12.4
3098,117,4,11.4
3099,165,12,97.6
3100,221,12,95.1
3101,13,14,144.1
3102,26,7,123.86
3103,385,4,13.8
3104,209,18,92.15
3106,598,8,75.54
3107,44,14,101.7
3109,184,9,92.4
3110,525,6,58.4
3111,7,16,113.7
3112,225,8,48.2
3113,195,12,114.1
3115,427,16,185.54
3116,385,14,141.4
3117,91,12,95.5
3118,1,7,41.0
3119,185,17,196.8
3123,380,9,65.1
3124,265,3,5.7
3125,451,4,45.8
3126,393,2,8.5
3127,392,10,74.8
3128,122,17,129.8
3129,522,6,69.65
3130,242,6,17.5
3131,392,4,33.2
3132,123,10,75.4
3133,5,8,107.8
3134,206,2,9.4
3135,157,6,34.22
3136,611,2,7.9
3137,128,18,103.7
3138,255,13,89.9
3139,253,16,113.66
3140,125,12,100.13
3141,44,17,117.4
3142,485,11,42.8
3143,220,6,37.9
3144,136,13,132.52
3145,44,8,61.4
3146,551,4,21.8
3147,6,5,30.75
3148,277,11,153.16
3150,506,6,38.59
3151,96,6,45.45
3152,36,4,31.5
3153,83,16,96.2
3154,191,11,84.12
3155,464,2,20.0
3156,150,6,51.0
3157,448,7,59.52
3158,452,9,80.4
3159,333,7,45.44
3160,238,10,118.26
3161,52,9,83.7
3162,207,2,2.6
3163,366,4,12.1
3164,91,21,203.76
3165,33,18,177.1
3166,246,14,131.8
3167,56,7,85.7
3168,14,12,67.0
3169,181,6,43.2
3170,27,12,137.4
3171,439,3,81.8
3172,304,7,31.0
3173,158,2,14.6
3174,324,4,11.8
3175,37,14,146.2
3176,151,13,100.1
3177,438,4,28.6
3178,22,12,47.1
3179,284,2,10.5
3181,17,14,131.7
3182,76,14,162.9
3183,145,7,66.1
3184,40,14,85.2
3185,303,11,89.9
3186,35,10,132.8
3188,24,6,30.59
3189,37,17,117.04
3190,39,12,107.46
3191,0,5,44.09
3193,333,13,90.6
3194,241,14,145.8
3195,175,6,46.7
3196,56,5,30.44
3198,190,5,51.0
3199,6,2,33.9
3200,273,8,116.9
3201,33,17,212.4
3202,46,7,56.4
3203,145,12,111.2
3204,236,11,113.62
3205,19,13,92.6
3206,78,12,115.91
3207,34,15,147.2
3208,40,12,69.4
3209,2,11,49.4
3210,7,8,75.9
3211,91,4,33.0
3212,256,4,45.9
3213,376,7,70.79
3214,8,15,104.8
3215,162,10,96.64
3216,321,4,12.0
3217,285,6,43.6
3218,567,5,36.1
3219,148,7,60.54
3220,53,12,60.7
3222,147,10,68.22
3223,511,3,75.6
3224,291,10,112.76
3225,18,18,211.7
3226,431,8,104.2
3227,30,15,78.66
3228,338,8,97.8
3229,145,12,100.8
3230,350,2,19.6
3231,274,5,26.0
3232,12,16,128.45
3233,430,2,39.5
3234,136,2,17.1
3235,2,7,50.6
3236,179,10,79.2
3237,185,13,76.5
3238,545,8,24.0
3239,33,2,5.9
3240,363,4,11.4
3241,101,9,77.6
3242,221,8,33.1
3244,40,6,27.9
3248,194,21,205.44
3249,373,4,52.35
3250,262,5,42.1
3252,130,12,60.0
3253,193,4,51.9
3254,72,10,73.92
3255,55,17,71.1
3256,153,9,65.3
3257,320,11,57.25
3258,224,13,130.34
3259,119,9,49.92
3260,28,8,80.2
3262,22,16,96.4
3263,531,7,47.3
3264,269,10,49.35
3265,21,7,55.5
3266,66,22,143.55
3267,346,9,50.2
3268,54,16,132.27
3269,84,5,26.1
3270,229,2,6.9
3271,3,6,71.4
3272,192,4,16.65
3273,95,9,81.4
3275,65,8,109.0
3276,183,15,151.8
3277,425,7,68.6
3278,396,4,38.2
3279,399,7,55.69
3280,170,6,77.8
3281,66,6,103.7
3282,191,11,86.83
3283,181,9,46.4
3284,41,16,130.2
3285,171,7,69.3
3286,7,4,21.6
3287,331,13,150.45
3288,248,6,25.4
3290,215,2,10.9
3291,150,4,39.9
3292,108,6,136.2
3293,235,7,25.3
3294,180,13,127.05
3295,155,10,85.63
3296,135,14,119.5
3297,223,12,124.7
3298,218,10,122.7
3299,305,11,166.1
3300,85,11,117.95
3301,249,2,7.1
3302,222,6,47.7
3303,339,8,44.4
3304,30,10,80.3
3305,189,6,37.34
3306,1,16,90.8
3307,85,11,48.5
3309,63,16,71.67
3310,230,11,56.55
3311,182,8,84.66
3312,6,9,95.05
3313,266,6,29.4
3314,504,2,21.6
3315,41,13,90.5
3316,357,7,62.16
3317,184,6,32.11
3318,162,4,43.8
3319,43,5,34.0
3321,5,14,91.8
3322,80,16,149.8
3323,21,11,96.36
3324,128,11,64.5
3325,31,13,132.62
3326,244,4,31.5
3327,240,14,78.53
3328,76,11,120.12
3329,312,13,112.6
3330,157,5,54.0
3331,158,7,38.12
3332,333,5,33.55
3333,311,4,11.6
3334,241,9,91.0
3335,481,4,37.5
3336,279,2,22.2
3337,203,16,141.86
3338,135,9,69.1
3339,22,9,74.0
3341,15,5,43.52
3342,191,8,104.5
3343,234,10,94.44
3344,273,12,45.2
3345,91,2,5.2
3346,233,6,169.7
3347,208,14,135.8
3348,25,14,108.65
3349,536,8,97.8
3350,586,4,11.9
3351,77,6,45.2
3352,52,7,38.2
3353,138,19,113.35
3354,31,15,127.6
3355,28,6,103.8
3356,221,16,117.3
3357,205,9,81.7
3358,276,18,165.9
3359,523,5,41.82
3360,46,10,121.6
3362,578,2,4.6
3363,1,13,84.5
3364,107,12,110.4
3365,66,15,86.75
3366,376,4,28.1
3368,296,6,76.65
3369,1,15,161.84
3370,48,11,112.1
3373,6,4,8.8
3374,125,5,64.2
3375,248,7,81.5
3377,488,2,14.4
3378,351,9,52.2
3379,343,5,61.3
3380,49,17,171.9
3381,390,4,45.5
3382,412,10,59.75
3383,412,6,23.1
3384,31,10,71.35
3385,185,11,78.33
3386,330,8,27.4
3387,234,7,52.12
3389,135,13,148.4
3390,29,11,108.04
3391,9,2,28.0
3393,53,19,150.14
3394,17,7,64.66
3395,133,4,17.9
3396,230,13,116.8
3397,313,6,48.9
3398,294,11,154.3
3399,164,15,69.26
3400,301,12,72.2
3401,93,10,53.4
3402,136,21,181.52
3404,23,4,27.94
3405,261,18,188.1
3406,68,6,51.2
3407,280,9,75.5
3408,55,6,16.7
3409,19,13,102.2
3410,62,14,142.24
3411,194,8,52.3
3412,338,4,7.8
3413,98,10,50.1
3414,68,13,135.0
3415,217,6,59.0
3416,45,14,203.8
3417,15,8,34.3
3418,292,4,12.4
3419,25,10,81.55
3420,306,6,60.7
3421,232,11,102.75
3422,521,2,9.8
3423,211,8,44.2
3424,136,11,61.54
3425,380,6,32.3
3426,66,8,50.8
3427,246,9,136.7
3428,289,8,71.0
3429,184,18,171.52
3430,258,16,86.8
3431,517,2,6.6
3432,270,4,24.5
3433,90,7,94.9
3434,203,5,23.52
3435,417,10,114.6
3436,278,2,11.4
3437,331,14,167.22
3438,3,16,147.35
3439,127,11,74.9
3440,9,6,63.9
3441,262,6,38.3
3442,46,13,176.3
3443,68,8,86.9
3445,90,6,46.7
3447,33,13,78.0
3448,460,2,28.2
3449,31,8,32.0
3450,6,17,131.56
3451,121,7,26.2
3452,59,8,60.0
3453,14,4,12.1
3454,13,2,11.8
3455,42,8,45.7
3456,111,13,81.5
3457,416,6,64.43
3458,139,10,43.9
3459,147,9,68.4
3460,36,16,123.5
3461,187,6,34.3
3463,97,8,61.74
3464,548,4,40.2
3466,386,6,17.1
3467,6,13,177.76
3468,46,11,82.2
3469,224,16,137.0
3470,87,9,102.14
3471,79,10,90.9
3472,244,12,148.8
3473,267,6,53.72
3474,127,16,167.4
3475,16,10,33.7
3476,185,15,117.68
3477,531,3,35.9
3478,272,2,5.8
3479,281,8,81.2
3480,237,12,68.8
3481,87,15,136.8
3482,518,7,15.8
3483,38,15,177.66
3484,39,23,207.32
3485,161,6,63.8
3486,7,12,74.4
3487,431,12,45.5
3488,9,7,116.65
3489,42,15,135.6
3490,174,2,4.4
3491,65,14,113.8
3493,331,8,51.1
3494,179,7,28.45
3496,99,10,50.9
3497,36,22,129.4
3498,274,8,137.5
3499,240,18,196.03
3500,162,17,128.95
3501,156,4,16.6
3502,477,11,45.52
3503,31,2,4.1
3504,55,18,125.28
3505,80,15,143.2
3507,50,18,144.4
3508,137,17,144.61
3509,175,14,156.6
3510,362,2,7.3
3511,45,14,147.94
3512,43,4,45.7
3513,123,7,52.5
3514,382,4,40.0
3515,180,12,59.8
3516,17,7,64.7
3517,19,22,158.74
3518,65,15,140.95
3519,17,13,76.2
3520,51,11,64.67
3521,166,8,32.9
3522,98,10,134.2
3523,51,15,115.55
3524,395,12,89.55
3525,319,9,54.7
3526,126,10,138.63
3527,92,12,92.62
3528,134,11,49.15
3529,108,15,98.35
3530,560,6,85.14
3532,218,6,42.3
3533,495,2,39.3
3534,49,6,64.3
3537,97,12,85.5
3538,304,6,21.3
3539,340,14,124.0
3540,300,7,22.4
3542,172,4,28.9
3544,270,10,82.1
3545,30,11,150.4
3546,38,7,42.6
3547,32,18,148.09
3548,202,15,98.41
3549,151,20,121.6
3550,377,8,30.6
3551,159,9,60.7
3552,119,13,113.16
3553,212,6,37.05
3554,160,8,54.7
3555,442,3,21.2
3556,91,10,89.66
3557,163,11,131.63
3558,102,17,148.0
3559,181,12,84.92
3560,92,17,155.6
3561,367,8,37.9
3562,0,18,204.76
3563,35,8,47.3
3564,179,8,40.3
3566,16,4,18.6
3567,87,5,63.5
3568,74,8,22.85
3569,419,6,27.8
3570,119,11,74.7
3571,19,14,140.2
3572,174,4,100.4
3573,271,9,112.4
3574,55,14,83.9
3575,236,11,70.96
3576,594,2,10.0
3577,232,7,53.3
3578,228,6,36.96
3579,0,13,174.6
3580,36,4,17.2
3581,5,20,176.2
3582,196,19,146.61
3583,27,15,106.2
3584,13,14,183.1
3585,162,4,50.4
3586,220,8,89.2
3587,147,11,73.62
3588,15,13,110.7
3589,56,13,80.0
3590,214,13,81.42
3591,119,8,98.65
3592,16,14,83.86
3594,110,4,56.8
3595,13,17,100.1
3596,254,12,86.5
3597,17,6,120.3
3598,259,4,18.5
3599,39,11,84.85
3600,34,15,119.92
3601,10,8,50.5
3602,429,5,24.5
3603,334,12,152.04
3604,226,15,119.0
3605,269,3,14.5
3606,414,2,18.9
3608,33,14,158.66
3609,18,10,81.3
3610,470,4,10.6
3611,320,7,49.15
3612,94,14,65.44
3613,86,12,125.24
3614,246,10,88.1
3615,119,10,68.9
3616,420,7,60.9
3617,257,11,133.9
3618,449,4,48.1
3619,267,10,83.4
3620,195,15,116.0
3621,58,16,139.05
3622,2,10,48.4
3623,237,4,69.6
3624,597,2,14.4
3625,439,2,3.4
3626,567,4,19.8
3627,542,4,83.3
3628,516,6,36.16
3629,261,13,170.5
3630,159,4,46.8
3631,474,2,6.8
3632,451,4,25.0
3633,1,16,184.44
3634,20,5,16.6
3636,230,8,28.9
3637,8,13,115.3
3638,207,4,35.0
3639,396,9,85.4
3640,83,8,69.65
3641,3,6,32.3
3642,309,11,155.25
3643,101,15,96.59
3644,89,7,73.0
3645,18,11,73.5
3646,144,9,90.4
3647,302,5,72.2
3648,211,3,46.0
3649,192,17,177.2
3650,166,6,66.9
3651,75,21,213.56
3652,103,4,15.7
3653,51,11,112.8
3654,14,5,19.8
3655,317,5,124.6
3656,294,9,110.15
3658,95,9,77.9
3659,192,7,34.16
3660,442,10,77.2
3661,33,12,91.74
3662,27,8,51.0
3663,40,19,158.5
3664,214,8,67.9
3665,98,8,73.96
3666,262,12,62.6
3667,382,9,53.6
3668,12,13,87.8
3669,323,12,108.48
3670,378,9,137.55
3671,80,9,70.46
3672,216,13,92.2
3673,125,8,76.95
3674,139,11,50.34
3675,149,11,109.5
3676,67,6,50.49
3677,30,13,137.15
3678,541,6,71.2
3679,7,21,132.39
3680,36,9,86.12
3681,77,10,85.1
3682,79,19,158.98
3683,25,14,123.12
3684,139,13,161.3
3685,126,9,105.55
3686,123,8,88.6
3687,8,19,136.09
3688,68,15,143.66
3689,154,10,120.1
3690,223,12,62.4
3692,73,12,149.1
3693,44,8,96.5
3694,13,10,47.7
3695,174,8,33.4
3696,423,5,55.1
3697,88,10,53.73
3698,122,11,67.45
3699,18,9,119.8
3700,255,3,8.4
3701,247,12,147.68
3703,197,12,83.5
3704,93,12,82.1
3705,114,11,62.8
3706,408,2,15.3
3707,187,4,27.75
3708,118,7,25.2
3709,65,21,191.84
3710,130,8,31.3
3711,175,4,26.85
3712,10,8,38.82
3713,333,8,93.6
3714,571,4,7.65
3715,233,7,18.7
3716,50,9,70.4
3717,214,10,70.1
3718,73,18,140.4
3719,13,19,113.1
3720,216,8,33.9
3721,179,10,104.02
3722,516,6,28.2
3723,291,2,3.9
3724,19,6,76.8
3725,466,4,33.9
3726,218,6,49.5
3727,225,13,143.8
3728,48,13,102.35
3729,31,8,49.94
3730,156,8,71.25
3731,423,9,60.22
3732,24,21,209.02
3733,512,4,12.0
3734,116,5,21.0
3735,32,9,80.7
3736,33,12,72.1
3738,0,10,35.2
3739,146,7,25.6
3740,590,2,65.2
3741,39,16,139.1
3742,130,4,60.86
3743,238,17,132.5
3744,22,12,89.3
3745,126,13,96.44
3746,51,13,112.9
3747,309,5,32.6
3748,78,11,87.7
3749,296,9,134.98
3750,227,6,56.1
3751,363,9,99.5
3753,367,6,36.5
3754,342,6,61.3
3755,93,6,43.9
3756,28,10,80.7
3757,189,18,88.55
3758,117,13,101.4
3759,113,8,42.62
3760,38,15,64.76
3762,132,11,71.4
3763,186,13,189.9
3764,50,12,70.8
3765,201,9,88.4
3766,52,9,160.12
3767,207,9,43.5
3769,306,11,125.15
3770,351,3,55.4
3771,374,2,7.3
3772,94,8,58.72
3773,33,8,87.6
3774,13,12,144.7
3775,64,15,86.0
3776,165,17,214.9
3778,27,12,89.9
3779,50,15,161.05
3781,98,7,55.3
3782,330,18,135.34
3783,191,23,148.0
3784,199,9,63.5
3785,501,9,115.2
3786,233,13,119.9
3787,97,9,53.95
3788,317,2,25.8
3789,79,11,97.92
3790,63,13,104.1
3791,280,4,31.2
3792,518,4,35.1
3793,145,18,107.42
3794,34,11,122.4
3795,347,8,44.3
3796,207,2,9.0
3797,105,14,92.4
3798,117,6,67.36
3799,415,6,91.8
3800,325,6,35.8
3801,68,9,45.4
3802,76,4,64.4
3803,7,19,142.05
3804,192,9,116.32
3805,468,6,31.1
3806,124,7,86.6
3807,65,6,49.5
3808,134,10,76.0
3809,281,9,139.9
3810,237,5,51.2
3811,189,21,79.6
3812,47,20,150.65
3813,346,5,54.1
3814,162,13,121.64
3815,106,9,52.6
3816,12,9,57.7
3817,366,14,112.0
3818,13,14,118.6
3819,185,10,138.8
3820,522,6,32.5
3821,361,17,171.1
3823,385,2,7.9
3824,321,2,5.4
3826,612,2,27.24
3827,57,17,169.73
3828,198,9,49.4
3829,150,8,117.2
3830,73,23,214.05
3831,77,12,75.55
3832,166,15,170.96
3834,591,5,17.76
3835,105,21,120.05
3836,24,6,24.7
3837,232,5,63.6
3838,16,6,59.1
3839,473,9,75.0
3840,155,10,57.22
3841,164,17,136.38
3842,77,9,96.6
3843,74,9,131.8
3844,104,16,136.6
3845,102,2,17.4
3846,336,12,99.97
3847,27,11,158.1
3848,42,14,87.12
3849,380,12,89.01
3850,118,8,81.5
3851,234,7,57.5
3852,273,7,30.1
3853,179,6,75.7
3854,286,7,37.62
3855,28,18,193.5
3856,272,13,154.6
3857,56,14,87.4
3858,278,2,4.0
3859,91,4,58.3
3860,239,7,51.27
3861,176,9,57.85
3862,42,21,168.55
3863,200,14,122.92
3864,18,15,110.5
3866,176,10,75.7
3867,114,8,78.88
3868,133,5,82.35
3869,151,8,62.4
3870,284,4,20.2
3871,152,7,34.1
3874,529,2,7.8
3876,88,6,33.5
3877,104,16,187.4
3878,155,16,133.0
3879,27,17,191.05
3881,267,13,132.05
3882,72,12,94.85
3883,86,4,19.5
3884,267,5,69.8
3885,76,5,32.4
3886,42,10,50.0
3887,462,3,18.44
3888,17,4,38.42
3889,372,5,13.8
3890,65,9,31.1
3891,38,13,119.49
3892,163,5,46.0
3893,259,11,56.34
3894,17,12,92.9
3895,564,10,63.45
3896,111,11,55.6
3897,129,13,52.5
3898,131,9,156.0
3899,6,16,80.2
3900,10,14,122.64
3901,395,4,34.7
3902,31,7,80.4
3903,85,19,125.4
3904,233,8,137.0
3905,194,16,74.59
3906,197,4,21.6
3907,66,8,87.7
3908,173,4,32.3
3909,324,16,180.86
3910,12,13,122.74
3911,129,16,122.04
3912,358,7,60.6
3913,284,12,90.42
3914,356,6,33.82
3916,87,6,49.5
3917,108,13,102.14
3919,84,10,99.2
3920,234,11,170.9
3921,419,8,60.4
3922,124,17,200.25
3923,337,8,48.74
3924,62,14,85.4
3925,280,8,63.72
3926,132,18,159.42
3927,21,9,61.5
3928,95,10,72.12
3929,54,9,37.74
3930,171,8,76.0
3931,297,13,118.1
3932,602,2,12.1
3933,393,4,19.62
3934,243,11,63.36
3935,181,8,86.2
3936,511,4,57.15
3937,41,10,101.1
3938,152,16,189.62
3939,323,5,48.89
3940,296,4,48.2
3941,415,3,52.34
3942,50,23,134.61
3944,361,3,9.4
3945,87,6,31.4
3946,41,13,201.7
3947,200,10,119.0
3948,198,15,147.02
3949,273,2,2.1
3950,25,15,200.0
3952,61,9,62.16
3953,231,9,66.3
3954,323,7,126.5
3955,37,6,35.4
3956,376,16,154.44
3958,56,6,21.6
3959,86,14,162.5
3960,70,22,210.1
3961,6,10,61.9
3962,101,14,119.65
3963,104,13,131.85
3965,365,8,45.15
3966,212,11,45.52
3967,37,16,119.99
3968,48,5,16.4
3969,300,5,51.8
3970,423,2,17.2
3971,0,15,171.03
3972,205,14,95.0
3973,119,16,205.9
3974,194,6,35.7
3975,306,4,55.8
3976,101,13,99.88
3977,258,6,42.4
3978,160,4,62.3
3979,105,4,51.0
3980,105,10,44.7
3981,5,4,13.7
3982,92,15,82.79
3983,112,11,191.1
3984,330,6,63.4
3985,68,15,69.6
3986,42,12,69.6
3987,133,11,61.05
3989,438,6,48.1
3990,593,2,3.7
3991,545,2,20.16
3992,410,4,31.75
3993,315,3,13.9
3994,393,2,15.7
3995,187,4,13.0
3996,121,6,93.4
3997,79,10,106.9
3998,16,17,110.8
3999,44,13,75.2
4001,192,7,38.1
4002,118,14,151.55
4003,7,9,69.04
4004,234,10,76.8
4005,596,4,24.5
4006,12,12,132.81
4007,7,11,87.2
4008,225,9,92.62
4009,169,11,57.6
4010,1,6,19.4
4011,489,2,11.0
4012,228,13,97.0
4013,287,9,70.38
4014,45,8,38.66
4015,278,17,108.04
4016,253,6,60.4
4017,56,8,47.3
4018,43,17,152.1
4019,124,17,119.9
4020,263,5,39.4
4021,425,6,41.8
4022,152,8,86.0
4023,343,2,3.4
4024,75,14,142.9
4025,56,12,73.82
4027,184,4,25.8
4028,175,10,156.5
4029,429,1,1.6
4030,8,20,145.05
4031,73,7,23.0
4032,142,4,16.6
4033,207,6,33.7
4034,47,6,44.7
4035,149,12,57.4
4036,218,12,94.35
4037,1,10,76.9
4038,54,14,91.6
4039,3,12,88.2
4040,271,11,87.3
4041,75,10,70.3
4042,13,16,102.35
4043,343,2,12.6
4044,29,10,148.4
4045,8,11,149.9
4046,366,9,42.42
4047,299,4,32.44
4048,236,8,42.65
4049,151,12,174.9
4050,177,9,93.5
4051,336,6,37.1
4052,253,5,24.82
4053,283,6,59.5
4054,238,5,91.2
4056,71,16,134.45
4058,0,7,78.99
4059,237,9,92.7
4060,19,7,101.9
4061,235,6,66.8
4062,398,2,4.6
4063,48,9,37.8
4064,104,6,83.9
4065,176,13,58.04
4066,393,8,75.9
4067,75,6,80.4
4068,19,12,97.3
4069,241,11,45.7
4070,156,6,43.1
4071,76,9,115.26
4072,138,2,9.4
4073,58,13,120.75
4074,111,9,70.2
4075,359,8,66.0
4076,222,12,84.6
4077,148,14,110.7
4079,101,6,37.0
4080,180,8,54.9
4081,71,6,31.44
4082,243,11,135.7
4083,502,2,40.9
4084,57,11,89.8
4085,92,9,49.1
4086,410,13,176.95
4087,126,5,35.3
4088,98,10,69.23
4089,87,6,56.65
4090,307,6,44.12
4091,2,14,118.95
4092,91,10,137.5
4093,478,4,22.3
4094,275,10,48.1
4095,1,6,128.9
4096,184,10,173.0
4097,32,14,77.8
4098,327,11,90.1
4099,337,5,8.5
4100,252,8,65.35
4101,244,8,98.3
4103,157,9,68.5
4104,30,16,132.35
4105,27,10,96.5
4106,127,13,89.8
4107,45,12,126.65
4108,94,14,135.35
4109,87,13,87.95
4110,32,16,124.95
4112,247,18,170.0
4113,139,12,86.2
4114,145,10,72.1
4115,222,11,52.22
4116,243,8,60.0
4117,20,15,124.64
4118,6,2,19.4
4119,235,9,91.8
4120,19,11,108.6
4121,59,15,76.52
4122,68,9,70.25
4123,16,4,24.0
4124,112,17,130.05
4125,199,11,57.6
4126,419,7,82.4
4127,48,11,89.35
4129,53,17,129.64
4130,54,16,180.2
4131,276,11,136.8
4132,393,9,56.16
4133,156,13,79.8
4134,32,14,104.95
4135,598,4,19.4
4136,141,6,28.6
4138,81,12,133.39
4139,34,6,36.9
4141,48,3,25.1
4142,43,2,4.9
4144,54,8,78.8
4145,263,6,31.84
4146,324,15,85.9
4147,105,12,119.1
4148,265,12,83.05
4149,285,9,52.8
4150,126,12,113.7
4151,58,1,3.6
4152,195,16,115.0
4153,156,22,163.0
4154,181,8,80.0
4155,97,17,157.5
4156,149,13,131.64
4157,360,6,61.7
4158,4,4,16.85
4159,2,6,66.2
4160,140,13,126.92
4161,97,5,57.6
4162,8,14,114.0
4163,214,15,130.5
4164,461,10,127.05
4165,134,20,163.15
4166,54,14,58.26
4167,115,6,38.75
4168,392,4,39.7
4169,36,15,128.2
4170,172,15,119.65
4171,210,8,47.9
4172,83,9,50.15
4173,233,4,56.2
4174,438,4,37.5
4175,335,7,101.8
4176,239,7,37.66
4177,198,10,70.3
4178,47,20,113.15
4179,284,9,121.1
4180,49,13,92.11
4181,479,3,20.0
4182,131,14,126.1
4183,349,17,70.39
4184,15,8,22.5
4185,348,6,47.0
4186,66,3,25.3
4187,63,21,189.73
4188,497,2,6.72
4189,110,6,27.1
4190,3,21,120.49
4191,57,13,122.8
4192,14,15,68.7
4193,122,8,62.54
4194,233,14,127.2
4195,90,10,74.76
4196,53,10,39.9
4197,57,17,183.1
4198,287,5,57.9
4199,1,11,76.94
4200,555,3,53.76
4201,77,12,101.65
4202,28,13,138.4
4204,75,10,89.84
4205,311,4,51.5
4206,384,14,89.75
4207,124,15,105.55
4209,519,4,35.8
4210,145,4,50.44
4211,470,12,130.0
4212,243,11,79.75
4213,129,8,111.9
4214,84,13,94.6
4215,183,18,150.7
4216,246,11,48.9
4218,88,12,191.35
4219,75,8,57.5
4220,39,16,165.5
4221,306,8,83.96
4222,3,13,135.99
4223,84,17,124.2
4224,24,12,109.6
4225,236,6,24.4
4226,24,9,89.45
4227,132,7,106.1
4228,256,13,83.36
4229,132,8,48.8
4230,55,9,97.6
4231,353,5,68.9
4232,11,12,94.45
4233,197,11,83.3
4235,11,19,211.84
4236,35,14,193.4
4237,589,2,24.7
4238,18,8,65.5
4239,322,4,101.8
4240,26,15,76.17
4241,454,6,27.1
4242,21,7,27.76
4243,130,16,213.34
4244,60,10,62.7
4245,209,9,54.6
4246,29,8,71.3
4248,447,2,11.7
4249,26,11,87.28
4250,431,4,39.76
4251,9,21,161.99
4252,264,9,131.16
4254,138,6,58.42
4255,119,11,99.36
4256,590,6,59.2
4257,131,13,191.75
4258,19,13,130.7
4259,189,12,46.37
4260,44,12,64.2
4261,317,12,157.25
4262,75,17,137.1
4264,233,9,60.9
4265,18,10,49.9
4266,152,19,130.5
4267,81,14,143.7
4268,249,12,75.75
4269,273,9,94.2
4270,325,6,44.72
4271,376,5,52.04
4273,199,8,49.1
4274,91,12,103.6
4275,110,15,144.6
4277,24,23,129.66
4278,545,4,43.8
4281,73,13,108.96
4282,190,4,41.2
4283,558,7,91.9
4284,77,10,62.3
4285,1,8,60.65
4286,109,13,79.8
4287,146,6,39.5
4288,47,12,131.0
4289,83,9,115.3
4290,482,7,42.85
4291,21,14,86.36
4292,25,20,189.7
4294,27,14,66.6
4295,65,11,98.7
4296,126,10,86.4
4297,64,23,145.52
4298,158,8,45.45
4299,138,15,135.69
4300,270,7,41.1
4301,10,15,138.26
4304,319,8,50.36
4305,159,15,117.66
4306,2,12,81.15
4307,543,2,21.96
4308,25,19,92.12
4309,106,4,11.7
4310,306,7,68.7
4311,389,5,39.8
4312,16,17,151.06
4313,155,10,97.42
4314,242,17,76.9
4315,248,7,25.2
4316,353,20,186.46
4318,489,6,39.95
4319,52,14,77.56
4320,19,15,79.8
4321,64,18,159.6
4322,27,11,77.7
4323,13,12,111.7
4324,359,13,155.8
4325,77,9,142.7
4326,54,12,111.36
4327,248,5,32.76
4329,433,7,43.75
4330,191,18,188.9
4331,111,6,50.0
4332,36,4,30.25
4333,182,2,22.8
4334,50,15,78.05
4335,25,17,135.32
4336,81,15,122.5
4337,65,9,129.34
4339,405,6,43.76
4340,5,13,128.5
4341,430,7,53.23
4342,287,10,49.3
4343,9,7,55.78
4344,238,9,87.8
4345,336,6,93.06
4347,298,4,22.5
4348,263,12,65.0
4349,291,7,48.1
4351,131,13,184.4
4352,1,13,114.75
4353,128,16,169.0
4354,348,4,34.7
4355,39,9,50.0
4356,29,9,134.5
4357,81,9,72.8
4358,54,6,107.3
4359,97,9,60.85
4360,310,6,66.25
4361,116,8,46.25
4362,172,15,123.55
4363,182,6,76.9
4364,6,22,157.05
4365,313,3,6.5
4366,139,2,5.7
4367,45,12,81.31
4368,79,8,36.4
4369,127,10,58.3
4370,572,8,64.35
4371,192,9,75.45
4372,153,16,76.65
4373,140,7,104.6
4374,467,4,47.7
4375,86,12,82.6
4377,310,11,58.5
4378,240,4,14.5
4379,90,4,17.6
4380,57,11,175.9
4381,91,6,64.3
4382,47,4,85.8
4383,393,4,23.7
4384,99,14,99.6
4385,43,5,53.38
4386,113,2,4.5
4387,105,17,115.2
4388,285,14,146.25
4390,344,5,63.4
4391,279,14,143.84
4392,32,12,86.42
4393,36,5,51.4
4394,412,9,79.9
4395,188,8,98.5
4396,201,4,82.22
4397,186,11,43.84
4398,51,10,81.9
4400,19,6,33.02
4401,447,9,40.2
4402,447,5,97.9
4403,101,11,65.45
4404,446,7,63.6
4405,161,10,72.7
4406,217,17,91.42
4407,314,6,41.85
4408,254,9,45.92
4409,349,7,27.34
4410,79,11,61.55
4411,161,6,76.8
4412,10,13,171.56
4413,80,7,49.5
4414,341,7,69.26
4415,337,8,44.2
4416,7,16,72.3
4417,226,15,217.2
4418,87,8,134.6
4419,7,2,4.6
4420,308,6,54.2
4422,437,6,53.32
4424,75,8,143.65
4425,74,2,23.7
4426,207,15,114.5
4427,333,12,128.7
4428,129,6,39.7
4429,162,3,23.5
4430,28,14,170.7
4431,44,14,72.8
4432,96,10,73.1
4433,219,17,165.2
4435,389,8,15.7
4436,7,2,24.1
4439,131,8,54.3
4440,29,12,118.2
4441,51,16,133.3
4442,32,14,143.7
4443,415,7,56.5
4444,85,15,110.8
4445,29,15,141.2
4447,243,2,6.8
4448,358,12,121.7
4449,275,10,78.0
4450,153,7,60.8
4451,402,2,18.9
4452,37,4,44.6
4453,129,16,154.6
4454,7,3,14.1
4455,4,16,105.66
4456,144,17,91.55
4457,118,10,63.8
4459,12,12,76.1
4460,171,8,49.15
4461,320,9,81.0
4462,206,11,43.3
4463,57,10,111.3
4464,70,17,89.6
4465,366,4,51.6
4466,118,9,54.0
4467,38,11,95.4
4468,198,16,152.8
4469,73,7,111.2
4470,7,14,117.0
4471,305,9,81.0
4472,445,2,9.0
4473,114,14,177.5
4474,20,11,72.5
4475,271,5,62.1
4477,318,7,58.95
4478,26,9,72.05
4479,323,9,29.1
4480,566,5,46.06
4481,467,3,28.1
4482,30,11,98.2
4483,137,4,21.53
4484,33,6,41.92
4485,158,12,128.55
4487,163,19,194.7
4488,379,6,44.0
4489,41,8,67.94
4491,468,2,17.1
4492,199,9,85.0
4493,62,9,50.1
4495,14,23,160.55
4496,341,2,13.0
4497,206,4,21.2
4498,255,11,88.2
4499,62,15,203.26
4500,205,10,75.6
4501,198,13,73.22
4502,38,9,42.04
4503,11,11,130.3
4504,117,14,76.3
4505,257,13,118.75
4506,141,2,8.7
4507,137,6,59.7
4508,84,13,61.4
4510,118,17,189.76
4511,184,7,70.7
4512,9,15,193.2
4513,56,5,53.49
4514,531,2,14.6
4515,198,19,128.5
4516,23,7,45.2
4517,430,2,26.0
4518,163,5,32.8
4519,57,5,101.6
4521,106,2,10.0
4522,226,8,21.9
4523,63,12,203.95
4524,4,22,153.0
4525,84,15,129.4
4526,128,20,153.76
4527,73,11,76.5
4528,78,4,15.4
4529,220,10,71.36
4530,109,4,10.6
4531,75,17,109.07
4532,31,6,65.1
4533,223,6,32.4
4534,441,4,37.5
4535,25,7,23.4
4536,108,11,80.0
4537,10,13,116.5
4538,32,8,84.8
4539,296,9,47.3
4540,71,12,179.76
4541,256,10,140.4
4542,346,6,47.7
4543,68,6,83.5
4544,343,12,65.65
4546,118,11,127.7
4547,346,6,57.3
4548,153,15,150.7
4550,51,15,118.6
4551,155,4,38.4
4552,74,8,28.5
4553,200,7,44.7
4554,125,9,102.6
4555,53,14,77.7
4556,135,9,118.2
4557,72,8,143.0
4558,269,6,73.9
4559,232,10,54.2
4560,180,4,23.2
4561,482,9,66.4
4562,419,4,11.4
4563,186,12,116.8
4564,56,17,142.26
4565,0,1,1.1
4566,122,13,153.96
4567,89,12,134.0
4569,156,12,125.14
4570,130,6,32.5
4571,269,6,59.5
4572,62,18,134.8
4573,7,16,112.5
4574,30,21,135.9
4575,20,7,29.94
4576,104,14,159.4
4577,56,6,86.25
4578,478,9,62.44
4579,62,16,111.15
4580,31,8,124.02
4581,271,6,34.0
4582,47,9,63.7
4583,310,10,62.05
4584,28,10,174.3
4585,93,21,156.55
4586,460,7,59.1
4587,586,2,17.6
4588,52,21,176.2
4589,22,16,179.9
4590,498,2,9.6
4591,200,9,68.0
4592,22,16,142.9
4593,134,10,59.0
4594,190,18,160.6
4595,145,4,28.1
4596,208,10,92.0
4597,170,6,61.9
4598,42,18,114.7
4600,169,11,98.65
4601,15,15,166.65
4602,126,3,63.5
4603,343,10,85.12
4604,21,4,62.3
4605,68,6,49.9
4606,229,13,109.2
4607,15,8,66.6
4608,35,12,114.0
4609,53,4,71.0
4610,164,12,97.05
4611,125,5,28.3
4612,244,4,23.1
4613,227,12,82.82
4614,67,10,36.6
4615,427,5,53.3
4616,136,13,72.2
4617,401,9,87.3
4618,14,12,108.5
4619,197,5,56.1
4620,294,9,60.36
4622,475,8,60.94
4623,175,14,121.4
4625,267,5,30.5
4626,6,7,44.7
4627,12,4,108.5
4629,44,10,61.42
4630,549,2,15.7
4632,87,10,80.0
4633,135,14,133.8
4634,229,8,92.2
4635,75,8,35.5
4636,264,17,213.55
4637,230,11,128.9
4638,422,8,81.52
4639,403,2,28.6
4640,96,9,37.69
4641,31,10,89.3
4642,27,4,19.57
4643,28,16,122.15
4644,127,6,47.4
4645,1,20,101.9
4646,152,12,98.14
4647,316,4,42.4
4648,83,9,73.1
4649,451,11,53.86
4650,381,11,71.32
4651,192,7,47.5
4652,266,13,114.3
4653,416,4,13.4
4654,472,7,65.06
4655,150,10,54.5
4656,5,21,200.3
4657,137,20,166.8
4658,169,8,21.9
4659,369,8,76.6
4660,173,8,104.7
4661,234,17,139.1
4662,43,15,82.54
4664,218,8,59.6
4665,307,8,59.42
4666,28,20,210.57
4667,127,17,159.0
4668,332,6,43.2
4669,188,10,116.48
4670,80,7,32.9
4671,151,22,182.45
4672,55,7,68.6
4673,385,7,107.4
4674,578,6,31.2
4675,60,10,70.6
4676,349,12,95.5
4677,76,7,38.2
4678,13,12,94.2
4680,125,9,107.39
4681,110,14,143.62
4682,227,6,34.2
4684,404,10,67.1
4685,56,15,145.5
4686,48,13,68.3
4687,98,10,63.6
4688,89,16,95.6
4689,114,7,20.9
4690,375,9,81.7
4691,79,8,97.26
4692,64,15,129.0
4693,134,18,105.39
4694,42,20,152.54
4696,134,7,37.2
4697,110,12,69.32
4698,66,7,99.8
4699,151,18,162.93
4700,186,16,98.45
4701,244,8,37.95
4702,52,7,48.39
4703,436,2,8.2
4704,131,11,106.6
4705,222,10,55.8
4706,37,6,73.9
4707,322,4,10.7
4708,89,14,157.8
4709,509,6,55.3
4710,235,9,87.9
4711,104,8,53.55
4712,381,10,107.9
4713,336,6,46.8
4714,122,4,28.4
4715,385,12,96.3
4716,304,4,64.6
4717,228,15,97.72
4718,117,13,125.49
4719,2,16,124.1
4720,311,13,113.4
4721,177,19,156.9
4722,14,10,117.9
4723,222,6,64.0
4724,118,4,38.9
4725,28,10,72.22
4726,175,8,62.4
4727,39,10,39.5
4728,115,10,74.49
4729,266,6,28.74
4730,399,4,15.6
4731,270,5,44.4
4732,392,2,66.2
4733,296,9,73.14
4734,38,10,147.1
4735,273,12,162.1
4736,162,11,122.6
4737,102,2,18.0
4738,137,6,46.5
4739,391,4,13.2
4740,89,10,78.7
4741,96,16,109.4
4742,45,15,179.1
4743,179,13,118.64
4744,63,15,61.4
4745,6,17,155.98
4746,21,14,137.8
4747,128,16,175.42
4748,15,12,66.2
4749,318,9,82.75
4750,100,11,94.52
4751,41,6,50.8
4752,226,8,55.45
4755,3,3,9.9
4756,103,14,198.5
4757,197,12,101.4
4758,389,9,39.7
4759,313,11,148.85
4760,272,18,122.7
4761,113,12,81.55
4762,61,13,73.98
4763,63,8,36.8
4764,94,8,53.95
4765,178,8,97.35
4766,92,17,119.26
4768,292,4,57.0
4769,101,12,107.85
4770,594,7,63.5
4771,369,7,53.2
4772,376,10,81.85
4773,51,17,147.1
4774,167,4,44.5
4776,66,17,125.7
4778,128,15,146.4
4779,51,16,117.9
4780,102,20,127.22
4781,38,6,67.1
4782,136,10,88.05
4783,69,21,190.16
4784,110,5,114.0
4785,108,12,109.42
4786,395,7,76.1
4787,140,12,117.9
4788,246,13,152.02
4789,110,11,207.05
4790,137,11,53.39
4792,163,4,18.7
4793,36,10,107.4
4794,64,11,68.8
4795,153,2,13.5
4796,127,14,95.6
4797,179,11,141.6
4798,39,8,45.84
4799,252,19,171.85
4800,6,15,205.6
4801,148,5,29.2
4802,507,2,30.0
4803,365,6,19.0
4804,3,17,167.54
4805,78,4,12.0
4806,36,11,87.0
4807,195,13,144.0
4808,132,11,91.08
4809,93,12,99.26
4810,137,4,37.4
4811,58,7,32.9
4812,217,15,105.3
4813,148,7,73.9
4814,108,14,110.7
4816,152,2,3.2
4817,10,12,102.0
4818,285,8,43.5
4819,90,12,71.05
4820,23,18,133.8
4821,32,14,97.59
4822,179,12,50.8
4823,470,8,67.46
4824,559,2,11.6
4825,45,14,160.0
4826,198,13,180.3
4827,33,14,108.7
4828,80,23,201.41
4829,57,4,25.2
4830,372,8,36.7
4832,27,13,140.02
4833,295,7,57.95
4834,247,2,7.8
4835,21,13,77.84
4837,28,10,86.8
4838,333,8,75.3
4839,11,8,45.34
4840,208,10,79.4
4841,13,11,46.9
4842,22,12,79.89
4843,231,11,104.85
4844,310,2,23.4
4845,79,8,102.2
4846,391,5,15.0
4847,330,9,46.42
4848,77,6,48.5
4849,227,7,48.64
4850,168,4,41.9
4851,10,14,145.2
4852,131,20,108.8
4853,87,12,123.6
4854,372,8,44.35
4855,243,10,108.8
4856,346,8,51.85
4857,155,4,35.1
4858,318,6,50.6
4859,112,8,112.0
4860,411,13,69.76
4861,108,6,34.4
4862,229,12,95.3
4863,0,4,36.1
4865,408,5,71.5
4866,131,6,27.1
4867,62,11,180.0
4868,242,13,51.7
4869,271,10,82.3
4870,547,6,24.4
4871,45,7,100.12
4872,432,12,111.62
4873,118,7,61.7
4874,7,5,43.95
4876,312,8,61.9
4877,54,21,147.41
4878,100,7,71.8
4879,79,9,99.15
4880,475,6,127.1
4881,155,8,59.94
4882,60,4,36.6
4883,124,10,99.52
4885,75,2,16.4
4886,338,10,121.31
4887,413,6,47.9
4888,320,6,39.55
4889,330,3,6.4
4890,107,12,93.6
4891,85,13,111.1
4892,261,12,96.2
4893,304,8,109.9
4894,7,8,81.0
4895,114,10,41.35
4896,67,8,71.3
4897,400,8,79.6
4898,157,6,57.2
4899,292,9,67.7
4900,455,4,26.1
4901,319,8,70.0
4902,258,6,25.0
4903,22,8,48.1
4904,389,2,14.5
4905,35,2,33.2
4906,91,11,107.34
4907,253,5,29.7
4908,224,7,74.19
4909,65,6,55.7
4910,35,6,74.9
4911,357,10,50.75
4913,151,7,31.4
4914,31,9,95.16
4915,103,16,88.4
4916,304,13,141.5
4917,393,6,45.4
4918,337,5,17.7
4919,275,8,58.9
4920,312,4,19.0
4922,13,10,106.0
4923,98,13,93.07
4924,107,14,87.4
4925,377,11,87.89
4926,405,2,2.9
4927,72,5,29.2
4928,134,3,68.4
4929,156,14,86.95
4930,504,3,18.7
4931,240,14,68.1
4932,40,14,95.9
4933,306,21,113.05
4934,60,8,37.0
4935,272,8,62.4
4936,290,4,31.1
4937,185,16,172.04
4938,20,16,124.87
4939,77,16,110.7
4940,131,8,82.75
4942,37,10,98.1
4943,155,6,34.1
4944,88,9,53.05
4945,150,2,12.0
4946,56,18,162.5
4947,42,14,154.25
4948,586,4,27.6
4949,134,2,15.2
4950,252,9,52.72
4951,36,13,137.6
4952,69,15,172.5
4953,81,16,144.9
4954,97,8,60.0
4955,385,6,39.8
4956,405,8,45.3
4957,515,6,63.4
4958,172,13,189.7
4959,183,12,98.1
4960,133,9,36.0
4961,423,2,16.2
4962,276,11,118.8
4963,366,8,69.1
4964,30,4,23.15
4965,80,4,59.9
4966,339,6,55.6
4967,98,12,151.4
4968,47,7,121.2
4969,218,13,94.36
4970,144,7,70.5
4971,227,6,41.4
4972,327,13,138.7
4973,581,3,16.4
4974,420,4,34.24
4975,58,13,110.7
4976,166,7,88.4
4977,132,9,72.85
4979,250,7,28.6
4980,492,2,20.75
4981,354,9,98.1
4982,151,3,9.6
4983,382,6,29.22
4984,248,7,22.15
4985,4,8,25.97
4986,332,12,86.95
4987,357,7,26.4
4988,10,17,134.2
4989,194,10,86.2
4990,16,8,99.4
4991,373,10,61.34
4992,193,11,133.9
4993,324,10,96.78
4994,325,2,13.5
4995,576,4,29.0
4996,36,10,28.5
4997,3,6,93.0
4998,77,2,33.0
4999,4,16,164.86
5000,323,7,21.8
