Recency,Frequency,Monetary
35,13,53.8
242,12,100.0
122,8,70.3
323,8,60.65
28,21,204.96
199,15,182.94
88,12,155.9
86,9,48.75
152,12,89.36
21,13,89.8
41,11,75.86
89,19,186.75
88,10,75.1
240,7,71.4
86,11,104.7
91,11,75.49
221,8,94.6
385,2,73.5
78,10,73.84
53,8,53.4
571,6,117.5
185,17,182.0
142,4,58.2
133,6,42.62
216,16,111.95
227,9,129.7
172,13,107.6
291,2,16.35
76,7,64.6
129,16,96.46
198,12,91.3
596,9,83.05
113,14,69.9
14,10,58.44
16,19,214.2
213,2,2.7
34,11,48.1
272,10,113.75
75,6,35.75
354,8,94.69
66,4,25.4
35,8,98.9
189,4,16.7
143,6,51.6
73,6,23.8
116,8,62.3
240,14,124.6
50,20,207.36
174,12,80.7
70,9,43.9
219,6,75.7
51,6,58.2
570,8,32.15
50,8,38.9
564,5,16.8
116,14,149.1
103,16,129.32
341,4,8.1
158,7,59.1
566,6,19.92
163,8,112.3
182,4,20.7
132,10,90.45
420,4,66.4
460,3,17.1
68,4,50.7
27,12,109.8
75,10,71.96
41,11,80.3
77,13,87.9
109,14,50.9
63,7,50.0
112,6,89.1
230,5,17.8
241,16,138.6
596,5,65.8
327,7,102.7
137,7,31.74
2,14,94.4
138,21,193.82
30,9,58.75
390,2,9.3
82,20,104.31
277,2,3.65
113,20,149.79
61,8,57.76
155,2,15.3
59,17,106.48
139,6,39.7
293,10,88.3
367,7,52.0
186,10,73.7
403,10,87.1
64,10,40.25
222,6,34.8
90,20,129.38
153,12,94.06
268,12,93.9
40,18,155.9
40,11,53.3
265,4,26.36
147,11,74.65
173,16,121.12
342,8,68.5
220,3,34.6
5,18,173.4
329,2,22.4
95,17,144.39
9,6,33.0
48,11,73.6
494,4,15.9
41,11,67.56
227,9,124.2
76,12,85.16
178,10,67.25
374,13,179.64
103,11,94.95
99,9,24.64
149,12,143.82
391,7,48.4
173,9,40.97
57,19,209.06
95,6,17.6
119,6,53.3
345,9,72.8
187,8,66.7
380,9,80.8
200,8,81.0
249,12,54.5
76,16,133.25
84,6,34.6
109,20,157.52
409,6,49.2
94,19,118.76
18,7,34.6
26,10,54.4
104,5,68.8
164,8,83.05
22,17,101.5
227,9,35.2
3,8,89.3
108,2,24.0
452,7,136.9
74,11,49.1
199,6,25.45
40,15,118.51
291,7,78.3
146,12,113.5
16,9,54.1
275,5,31.1
1,9,136.2
575,4,29.1
317,4,23.5
299,9,86.6
29,20,184.44
239,10,75.3
69,9,36.5
322,11,59.9
135,14,96.65
77,4,10.45
45,11,114.24
475,5,112.6
493,4,9.9
44,8,38.2
31,16,199.82
184,16,97.6
197,5,43.5
128,10,108.9
248,9,51.83
18,7,14.77
355,8,69.7
544,4,30.55
64,17,161.1
144,6,100.6
355,5,28.4
48,4,22.56
231,9,73.2
56,6,64.06
33,8,34.42
38,18,153.6
333,7,167.9
20,13,57.5
95,8,26.05
401,4,34.8
161,10,61.6
160,16,142.1
291,10,69.1
229,14,96.6
46,8,62.06
14,11,171.46
414,9,121.29
220,16,107.75
152,8,68.4
107,11,94.6
354,6,58.9
346,9,76.71
127,14,183.2
315,8,68.6
1,20,194.2
454,4,32.6
1,16,182.45
410,2,1.7
97,4,16.8
30,10,61.6
466,4,83.3
224,19,127.0
48,10,84.55
601,2,7.7
310,3,16.6
285,8,146.4
41,13,66.85
64,16,156.0
182,7,33.0
139,19,98.36
40,10,74.44
215,18,153.88
233,5,40.6
265,20,160.8
304,2,27.0
121,16,139.0
260,12,58.64
222,11,156.22
16,17,125.11
400,8,39.02
26,19,167.71
366,8,57.4
452,4,17.4
15,16,166.65
445,5,62.8
448,2,1.3
34,3,6.6
261,10,104.9
193,6,51.94
255,5,115.0
460,2,26.8
123,12,99.65
470,4,20.0
508,6,50.9
452,4,48.74
223,8,47.05
526,6,46.6
437,4,39.8
23,17,145.0
490,2,10.8
594,2,15.0
437,9,57.8
91,14,123.62
249,6,67.06
521,2,28.8
240,4,24.6
538,7,63.88
37,13,101.5
29,15,108.21
21,15,95.2
111,17,112.9
140,8,47.1
211,9,91.9
42,10,40.7
47,16,144.7
485,4,25.6
162,14,107.4
140,16,124.45
124,17,180.92
458,7,92.68
52,11,125.9
99,13,107.5
285,12,55.0
67,4,22.7
65,11,93.46
373,12,120.4
160,8,62.35
37,17,154.34
382,9,108.15
156,7,60.8
210,8,23.1
482,2,21.0
57,7,54.0
92,10,56.96
113,14,82.0
135,7,68.5
220,12,114.3
40,9,58.19
191,12,66.7
291,8,89.4
273,11,88.35
403,4,12.4
184,8,79.5
226,14,197.8
5,2,17.3
481,2,2.9
53,6,82.0
279,6,49.6
522,6,32.54
95,5,51.3
134,9,63.8
345,10,90.72
261,5,14.6
72,15,140.64
57,7,39.1
3,14,179.2
218,9,80.3
51,11,103.8
143,18,136.92
281,10,88.82
221,16,146.6
58,11,118.4
31,9,61.75
28,15,64.1
99,18,145.5
206,5,27.0
73,12,94.45
270,9,192.85
5,4,70.5
506,5,25.1
32,12,76.7
42,14,82.7
61,12,139.4
314,13,132.05
59,10,124.22
117,5,25.5
162,10,78.36
236,7,59.7
106,13,118.2
104,6,58.0
17,11,77.52
483,6,19.2
307,6,63.1
29,13,74.95
102,13,92.7
113,10,131.44
115,6,24.3
1,12,98.4
580,4,46.4
14,16,195.2
113,17,100.9
85,5,62.7
77,13,96.6
152,8,35.4
58,12,62.5
147,5,70.9
168,2,33.9
394,8,23.6
178,11,61.1
233,6,90.3
188,10,97.3
164,14,153.4
147,10,33.2
80,2,7.2
183,7,37.58
291,11,92.9
79,4,52.5
39,11,101.1
282,15,104.75
92,6,43.0
310,6,41.0
11,15,86.6
34,15,164.7
152,6,54.8
578,6,47.46
271,7,44.2
315,8,36.3
303,12,99.87
131,13,97.4
254,6,85.9
491,7,44.15
220,4,56.1
79,23,174.64
161,8,106.52
9,2,11.8
259,8,86.51
385,9,80.1
445,2,7.8
215,4,13.6
442,4,17.8
228,10,68.4
241,18,159.5
305,6,45.2
2,12,102.2
160,7,31.9
155,6,37.06
313,4,70.32
44,12,86.27
381,7,63.8
220,2,3.4
367,4,10.8
130,14,137.7
103,10,70.1
393,7,38.7
267,15,165.5
22,11,82.35
145,11,50.12
87,19,152.4
443,6,49.46
82,6,79.3
97,10,44.32
175,10,74.04
34,16,92.4
346,13,107.14
326,5,31.1
13,16,203.6
53,9,48.3
148,11,96.1
464,4,50.6
397,8,49.5
250,15,175.55
304,2,13.49
137,4,20.05
32,17,188.94
139,2,10.9
24,12,102.6
121,13,88.1
82,11,93.4
1,20,163.32
607,6,25.8
484,8,63.26
573,3,30.0
286,4,39.1
88,9,54.45
44,15,106.1
337,6,54.56
35,15,191.04
404,4,34.8
69,11,110.7
287,2,20.4
40,18,168.74
355,12,139.4
128,7,46.9
165,4,32.66
189,10,163.7
9,8,77.3
462,4,19.7
6,6,35.1
210,5,21.8
51,17,190.96
29,22,209.8
132,5,73.0
82,15,105.24
489,2,9.5
567,2,29.7
496,4,16.8
102,16,112.6
89,10,93.9
154,12,84.8
13,10,106.93
126,13,111.84
40,17,172.9
321,8,71.2
229,14,95.29
39,13,114.44
209,4,23.8
38,20,115.28
186,19,169.22
84,8,143.6
171,4,51.9
16,17,115.9
423,7,34.9
32,8,96.8
190,13,60.7
87,4,45.5
0,11,108.4
335,11,98.0
90,15,113.7
92,16,175.74
355,9,62.5
613,2,16.8
81,9,123.42
63,8,56.1
51,10,48.5
284,16,127.52
135,10,122.6
60,7,49.3
135,9,94.5
30,11,151.7
64,8,100.56
370,5,76.0
191,16,130.6
45,8,35.9
0,17,146.2
66,18,174.51
283,4,40.42
101,10,59.21
48,10,115.8
128,10,63.54
32,13,93.1
336,4,70.72
151,9,55.5
19,7,66.45
428,2,13.4
307,6,81.5
369,6,86.8
371,19,216.19
277,10,124.75
25,9,52.8
431,5,61.1
34,11,84.49
0,14,65.9
106,8,85.5
196,7,49.7
445,5,40.9
345,4,27.7
193,6,93.3
53,6,60.14
139,18,153.31
180,8,114.36
242,8,60.4
332,5,16.0
30,6,45.55
94,5,37.6
34,12,130.9
145,13,136.2
308,9,74.16
74,7,36.8
361,9,51.8
256,7,57.5
455,6,45.1
287,9,120.85
230,7,67.95
141,13,92.7
162,14,95.7
223,15,183.5
278,2,37.2
578,2,20.9
148,4,108.6
268,2,15.4
88,7,103.0
593,2,1.9
158,19,135.55
233,6,66.9
612,5,35.0
68,8,83.0
41,21,145.76
263,17,192.08
589,8,46.4
285,5,41.0
220,8,34.5
100,20,182.1
343,6,36.9
148,23,205.7
360,10,38.62
289,2,32.1
190,8,57.2
563,2,11.5
25,16,53.35
139,6,83.7
146,6,95.06
37,20,157.65
173,16,141.95
357,8,38.3
607,6,25.9
182,13,101.62
78,8,109.54
490,4,46.0
137,6,43.7
285,10,103.2
397,2,4.4
144,7,32.6
341,6,23.3
86,21,171.5
169,10,35.45
328,8,58.2
303,7,29.2
78,13,71.64
21,6,85.5
123,14,148.0
91,15,106.75
49,8,48.0
177,11,47.1
49,8,128.0
444,6,35.76
47,18,170.12
13,15,203.1
218,6,25.7
270,10,93.85
54,16,102.3
127,15,164.7
70,4,85.42
27,12,69.5
22,13,132.0
275,9,35.1
150,16,192.72
62,11,132.61
132,11,160.1
313,14,150.72
294,10,72.96
58,12,135.7
8,9,151.0
33,18,205.26
315,2,4.1
263,9,37.0
41,15,118.4
205,6,60.9
222,4,16.5
138,5,48.6
15,14,117.04
143,6,32.62
27,19,107.3
35,6,41.86
25,12,119.6
293,8,81.5
81,7,114.8
190,12,94.7
458,2,5.9
246,4,12.0
535,5,62.62
451,4,31.7
124,17,151.66
10,7,82.88
243,10,89.0
31,18,178.7
551,6,39.8
288,12,105.5
23,18,201.0
40,9,109.1
61,12,107.14
597,6,38.9
118,12,113.3
30,15,145.5
157,7,76.25
52,17,115.16
201,5,30.0
49,13,100.1
273,10,57.4
31,6,30.0
259,4,38.7
352,2,41.6
131,11,127.2
133,9,52.74
38,9,73.5
84,6,39.6
26,12,115.55
80,10,57.6
46,8,61.4
22,11,53.2
385,6,67.2
542,6,20.1
59,20,155.66
132,5,29.2
361,8,79.9
134,8,26.7
594,6,39.9
439,11,85.3
50,2,10.1
386,5,54.8
131,16,125.8
185,15,121.65
3,12,71.9
455,6,37.8
329,2,20.6
87,13,81.95
43,15,78.66
161,8,50.64
96,10,98.4
61,4,18.64
227,2,37.9
350,12,71.5
312,14,125.6
79,8,50.85
138,14,155.0
204,4,24.5
2,16,159.4
252,4,34.4
25,6,100.0
38,19,163.66
487,5,79.1
150,5,44.4
501,8,101.2
51,8,55.3
291,7,62.95
104,13,85.84
25,7,39.04
76,6,11.8
125,13,68.45
22,10,87.34
112,11,107.0
429,6,82.35
4,13,132.1
165,6,32.4
137,7,41.1
15,15,174.7
5,8,43.0
40,12,97.2
215,7,50.0
190,17,133.6
170,17,181.0
511,5,104.0
123,12,83.0
116,21,156.95
455,8,40.85
213,4,55.9
404,16,125.8
10,13,117.6
18,9,111.7
47,14,86.6
93,4,7.65
77,10,49.5
378,11,67.2
297,19,85.8
360,8,87.34
325,12,112.96
280,10,58.9
255,10,48.6
131,17,124.5
104,14,108.8
574,4,16.9
98,9,72.6
7,15,108.0
307,14,127.84
95,12,127.8
341,8,50.8
182,4,11.0
3,7,57.45
45,11,58.6
294,8,112.8
343,5,79.75
67,12,102.36
117,19,122.61
0,5,26.8
41,10,45.52
282,6,34.0
58,8,57.5
59,9,71.1
145,12,62.65
80,2,41.4
259,14,109.3
27,20,185.9
373,6,85.3
63,9,101.1
78,21,119.05
207,6,65.46
81,13,164.2
176,18,126.24
95,7,66.7
9,19,193.0
323,6,24.3
10,16,105.55
69,10,100.4
276,4,22.7
454,8,59.4
137,13,182.84
104,5,26.3
271,4,65.75
57,14,86.4
411,11,92.09
363,17,135.2
94,9,46.82
152,12,81.4
201,11,47.3
232,9,53.9
30,9,81.9
204,7,42.3
177,10,108.12
12,6,85.7
162,10,109.8
429,6,38.4
443,12,107.2
98,18,145.3
77,4,49.8
394,3,50.9
40,12,97.4
122,11,67.3
496,10,88.11
131,12,133.2
111,10,48.6
12,17,206.9
267,10,85.4
223,8,140.2
302,12,59.9
33,11,120.9
59,9,70.4
39,13,104.9
376,2,11.7
182,23,158.6
281,9,38.25
194,8,67.0
348,4,36.5
355,7,67.15
43,16,154.75
159,10,80.8
38,7,72.16
191,10,106.64
113,6,95.0
174,12,87.75
280,10,91.9
82,11,142.2
367,5,40.9
234,4,28.6
310,6,45.8
24,9,56.65
47,15,109.72
145,7,20.0
31,12,62.5
257,9,60.05
177,8,47.25
188,8,61.42
294,8,99.2
172,10,82.0
478,9,54.52
213,9,126.1
157,6,38.7
51,13,160.65
65,8,95.9
111,5,80.7
249,5,38.7
216,11,161.4
522,4,14.7
140,5,32.9
148,14,110.6
94,8,61.6
27,14,146.6
276,11,67.7
424,7,68.5
228,11,51.0
381,2,21.9
128,10,47.7
102,5,39.1
154,9,35.9
154,5,69.9
197,2,25.3
456,11,43.22
33,21,127.61
417,8,34.4
106,4,18.8
76,11,51.05
96,6,97.4
55,10,66.7
19,12,105.05
5,11,78.5
28,4,22.56
51,22,185.8
207,14,183.1
217,8,197.2
543,6,22.8
40,15,109.12
270,8,92.3
88,14,141.2
402,13,118.38
379,12,111.3
339,8,47.4
414,2,12.8
67,12,93.64
97,10,74.44
31,12,99.2
29,7,59.22
295,10,62.45
256,6,61.2
164,5,51.2
157,20,180.64
121,7,44.8
61,10,85.6
211,7,74.66
130,6,55.1
134,16,195.7
209,7,36.55
145,4,13.0
44,7,34.65
154,11,137.0
92,4,70.4
134,4,39.6
317,6,30.0
49,14,193.0
84,19,98.9
24,12,93.15
43,14,72.99
575,2,10.7
75,6,65.0
229,6,38.6
104,9,99.8
173,21,126.9
45,13,115.3
82,16,157.7
114,20,179.8
435,2,16.2
146,19,185.8
489,11,49.6
137,6,42.2
74,13,67.8
236,10,72.0
61,14,137.52
42,11,204.15
105,5,36.6
441,4,39.0
91,20,140.86
121,4,21.7
244,14,115.9
22,12,110.5
532,9,112.0
127,21,129.75
49,10,43.35
69,6,108.1
37,10,85.3
296,4,57.2
146,11,114.62
320,8,76.12
333,4,20.8
180,7,101.5
17,19,160.6
355,4,25.2
15,12,54.9
205,10,70.8
0,2,11.1
394,10,53.17
148,4,44.2
433,16,91.24
64,15,93.95
88,11,101.0
160,14,76.76
567,9,100.7
103,8,120.55
211,5,25.9
67,2,114.9
241,5,76.6
95,4,23.3
77,3,6.7
352,3,41.9
299,6,105.9
39,17,193.7
76,10,49.83
60,4,54.7
16,7,89.2
143,16,199.6
34,8,39.75
76,9,76.0
113,6,56.9
112,2,7.6
151,6,42.2
21,23,201.2
124,8,103.8
175,9,81.9
86,12,83.1
201,15,58.22
234,10,51.75
2,21,150.12
128,16,159.24
129,7,82.4
71,7,47.3
37,6,44.7
131,13,118.8
99,13,83.99
22,4,32.0
37,6,51.85
70,6,11.65
80,6,49.4
11,12,55.34
7,18,86.86
276,4,13.2
122,7,32.45
190,19,84.5
232,4,22.6
137,4,47.6
68,16,180.4
127,13,139.6
46,18,91.1
41,9,67.8
352,2,20.6
121,7,64.1
527,4,10.25
412,8,73.4
411,4,75.2
447,4,37.45
10,13,134.29
175,11,86.7
117,7,33.22
307,13,153.9
155,7,54.45
319,11,201.5
80,6,62.46
7,11,113.22
490,6,32.3
255,8,101.95
227,10,76.95
99,4,47.4
84,15,140.0
97,14,146.7
41,14,139.24
253,16,113.56
14,9,66.01
23,15,148.4
131,5,35.25
10,12,96.8
14,12,73.2
84,9,95.3
185,4,23.9
100,8,32.2
15,12,95.12
52,17,101.85
36,18,145.23
47,5,32.54
209,12,65.76
479,9,165.35
157,5,36.4
3,9,112.0
99,8,48.11
33,13,116.9
131,8,53.0
342,14,84.0
223,12,137.7
140,9,36.54
206,12,81.65
181,10,146.1
77,10,82.66
32,12,73.2
195,9,83.65
10,11,55.2
344,6,18.0
26,8,58.0
229,15,170.9
75,6,59.04
164,14,168.41
253,5,53.6
342,10,103.0
37,10,45.9
53,12,108.0
137,3,25.3
252,8,66.7
211,20,182.4
265,10,70.0
324,5,32.7
60,16,161.3
72,11,69.4
54,16,95.3
201,16,159.3
602,6,34.44
92,6,38.2
339,2,8.6
90,11,111.27
436,7,35.8
78,15,151.14
10,11,39.6
234,12,108.5
294,2,20.55
71,9,110.4
343,5,72.06
36,12,56.4
33,18,107.5
90,6,53.1
63,10,51.9
154,8,81.5
308,8,63.51
572,4,19.0
114,8,44.6
54,6,33.3
42,7,61.4
123,4,12.1
53,13,146.28
165,5,68.2
97,8,69.2
84,14,180.0
422,4,20.6
267,10,82.15
572,3,38.6
188,6,60.9
612,2,49.0
41,12,95.22
142,11,111.23
141,15,109.9
125,12,90.0
376,11,76.2
147,16,169.96
95,7,69.4
339,8,62.8
323,2,9.0
614,4,93.3
258,12,81.6
0,6,22.7
297,9,31.0
188,19,156.0
158,7,49.3
359,10,148.6
18,5,16.8
193,6,72.9
48,9,53.6
164,10,62.25
221,9,93.0
92,11,176.94
118,11,78.9
381,4,17.09
290,11,97.7
414,8,40.4
145,9,44.2
62,11,120.56
151,11,56.8
166,8,80.06
85,12,126.96
462,4,19.92
194,10,107.5
115,12,65.3
20,15,117.75
22,9,122.4
35,7,40.95
59,11,83.4
195,10,94.45
118,18,187.5
303,5,59.8
141,4,40.1
468,7,30.8
299,13,102.52
144,13,108.8
454,6,43.85
10,11,177.1
258,4,41.15
377,5,21.1
190,7,73.6
366,7,45.6
80,11,69.9
120,20,128.25
136,6,37.75
32,10,74.75
80,6,39.1
50,10,101.67
323,5,27.3
208,15,127.91
173,8,58.76
82,14,103.4
542,2,13.8
507,2,22.8
576,4,33.0
81,10,94.9
222,14,117.65
93,13,169.45
186,2,64.2
94,12,108.6
298,8,54.3
74,7,40.5
266,8,74.2
153,8,95.8
88,14,156.4
31,13,74.3
63,12,88.4
492,2,5.3
345,4,30.6
34,14,128.8
43,2,24.2
28,8,91.05
181,13,80.6
257,6,19.2
148,6,28.2
12,6,83.42
2,19,170.95
246,10,82.5
296,13,108.1
193,5,27.7
214,4,45.66
8,22,210.51
216,17,186.6
27,15,109.2
238,14,155.7
124,9,86.05
6,20,164.2
66,13,113.35
330,13,104.36
324,9,89.6
24,12,100.9
17,12,69.41
29,12,81.54
73,9,78.9
208,12,87.82
106,10,74.9
276,15,141.8
229,8,98.56
123,5,108.3
213,11,68.15
288,2,4.4
215,4,55.1
76,8,73.4
190,16,205.0
83,20,131.17
162,6,34.3
340,12,135.7
12,12,105.85
131,9,85.35
229,8,64.9
437,7,33.3
562,6,26.15
61,8,62.75
184,13,65.5
56,10,108.95
181,2,39.9
352,8,59.2
96,14,93.85
91,9,86.3
49,14,151.6
101,6,81.9
116,13,142.0
33,14,89.0
359,11,79.34
150,4,33.32
353,7,58.7
346,7,89.46
142,6,42.84
400,8,90.6
353,4,35.5
64,2,53.7
233,3,57.6
346,7,38.42
287,13,131.4
14,4,26.2
26,6,99.9
14,8,84.2
213,12,83.12
56,16,137.84
111,11,94.2
101,12,97.85
280,2,12.4
11,19,140.56
98,22,202.0
2,10,47.9
566,2,5.35
304,2,5.92
85,20,166.8
50,7,69.07
102,10,107.3
6,9,39.35
518,6,122.6
182,2,6.4
93,7,102.34
82,13,93.54
184,11,121.62
476,6,28.6
1,12,64.07
281,16,137.68
59,17,117.2
229,9,74.5
315,5,38.54
35,10,67.3
10,14,128.42
205,6,83.16
348,6,33.7
234,6,82.3
387,10,110.9
197,13,121.2
368,6,52.3
134,6,41.6
258,15,110.58
31,9,57.3
22,10,78.0
311,7,69.7
168,4,30.3
420,4,17.4
32,13,82.22
15,13,97.8
160,5,30.2
84,11,120.84
137,13,105.8
22,11,121.2
589,10,110.0
32,18,134.4
373,10,115.02
376,4,26.3
214,9,37.1
13,10,51.5
104,15,191.9
337,4,33.3
19,18,158.91
166,16,116.32
579,4,10.5
358,6,62.64
239,6,53.09
242,9,50.7
497,6,15.3
159,12,89.7
121,14,129.0
98,19,149.35
15,9,111.16
124,13,101.62
315,6,73.3
88,8,57.5
37,14,105.75
66,11,156.6
113,15,106.3
192,17,158.6
134,13,71.5
49,8,53.8
74,8,143.5
109,19,178.26
122,6,56.6
118,6,19.6
495,2,10.1
190,14,154.3
21,11,138.6
216,8,93.0
258,5,35.0
259,4,49.0
102,6,78.5
82,16,177.75
227,19,165.02
86,12,147.29
362,6,32.6
25,12,83.0
406,8,60.62
47,16,166.19
131,14,51.56
25,15,100.4
15,7,50.8
257,14,98.1
408,5,107.6
496,11,79.85
87,6,51.94
356,7,26.2
321,11,139.3
283,12,154.15
11,10,111.3
115,10,66.83
29,13,142.1
76,11,81.3
23,17,110.96
295,10,76.3
112,21,189.93
39,11,78.0
292,6,69.7
17,14,86.65
574,2,21.0
144,14,133.9
55,9,81.6
422,2,11.4
130,9,93.8
94,9,64.5
38,21,150.3
49,10,60.0
517,4,34.8
458,6,68.1
313,3,7.5
113,17,203.5
187,9,46.15
131,17,85.45
184,4,33.96
344,12,98.4
64,12,77.57
18,14,137.0
103,7,86.5
92,12,157.05
36,11,86.6
45,15,134.7
313,4,51.6
60,10,92.34
180,15,73.92
196,8,56.43
427,8,87.6
113,9,79.8
2,21,204.0
1,17,74.9
175,8,85.6
152,6,49.7
458,7,30.65
141,11,129.16
9,15,114.69
50,19,140.7
360,4,45.7
382,6,23.0
129,6,55.7
99,13,100.7
12,9,70.7
87,5,38.3
280,5,67.78
4,6,19.2
164,8,76.7
3,11,124.3
81,9,150.2
84,12,86.8
292,8,29.8
98,13,104.8
230,11,64.3
139,9,57.3
347,8,57.1
182,6,26.4
324,2,11.0
50,14,126.8
26,10,37.85
209,7,26.9
484,5,111.45
351,10,40.05
101,13,46.7
36,6,74.76
63,8,75.5
140,14,136.75
226,7,46.45
35,5,41.15
174,4,18.1
133,7,69.5
8,10,62.42
12,6,19.92
50,20,209.84
145,5,20.7
118,16,121.4
155,11,83.7
28,8,99.36
511,2,4.9
38,15,159.22
24,9,85.55
112,4,23.0
259,14,97.62
325,2,63.9
138,11,127.7
30,11,76.9
3,8,56.9
0,13,125.6
3,9,61.25
168,8,105.1
92,14,121.8
169,21,202.74
15,12,80.3
58,10,79.9
161,12,96.28
152,8,48.3
180,12,100.5
210,14,99.7
24,6,34.77
16,10,70.2
509,8,49.3
179,15,130.06
44,11,97.54
75,4,21.1
141,5,53.1
72,7,65.3
122,11,77.54
493,4,57.5
177,12,90.75
372,7,70.4
52,14,123.52
50,13,95.5
53,7,59.3
77,8,35.6
156,7,43.2
45,4,20.6
300,17,132.7
474,6,28.2
36,8,71.0
139,10,85.85
335,9,74.6
42,12,43.35
237,5,37.8
36,12,148.6
5,10,63.45
128,16,201.92
7,16,163.14
70,6,83.6
359,13,119.52
163,14,73.23
7,15,194.4
124,10,95.8
68,6,58.4
140,2,10.6
429,6,72.7
133,9,74.85
411,10,111.2
1,14,98.55
169,10,87.8
93,12,75.74
333,3,44.92
526,2,22.4
82,19,167.3
167,7,91.1
128,11,86.4
166,8,76.1
217,2,39.4
361,16,157.4
19,11,98.44
292,4,74.2
370,4,52.3
66,8,29.45
29,18,155.76
266,6,92.3
43,12,124.0
16,12,99.85
46,12,143.8
279,5,67.5
249,20,153.97
291,10,35.4
65,5,53.1
211,13,84.25
2,5,42.8
245,18,97.64
14,10,104.5
385,3,4.8
90,15,112.54
443,6,41.32
223,8,49.3
341,17,134.45
137,15,125.25
49,3,59.1
38,15,160.1
14,19,158.9
69,19,197.0
19,17,145.44
550,4,31.86
101,14,103.1
487,6,33.35
338,8,60.7
405,4,19.3
102,8,43.4
126,5,22.6
70,7,75.04
366,7,38.35
213,18,149.25
129,17,75.45
188,2,9.0
580,4,27.2
228,8,72.0
222,16,126.85
27,16,163.9
371,7,43.56
16,8,53.55
459,4,25.2
90,11,65.7
81,9,65.5
134,4,61.8
508,7,39.0
60,8,42.2
393,2,18.0
24,19,178.54
318,7,77.24
94,7,30.5
33,16,102.2
252,5,36.9
104,6,67.2
110,10,78.0
468,4,12.9
446,5,83.4
48,8,61.1
252,1,2.4
304,12,96.1
273,7,43.6
29,12,86.55
588,7,43.9
186,18,135.1
49,7,100.6
52,13,152.7
32,9,85.2
38,16,193.71
475,4,32.12
4,13,116.69
23,12,77.15
35,18,141.7
182,5,45.76
14,10,105.1
223,6,57.2
75,7,26.9
22,16,172.97
475,4,86.2
243,8,71.9
390,6,33.4
101,8,62.9
261,4,84.66
16,16,110.55
197,5,38.29
394,2,4.2
97,11,62.1
245,6,47.1
156,8,56.3
34,12,121.8
20,8,36.1
483,6,41.7
106,6,17.0
53,14,129.9
7,6,33.6
32,11,99.05
379,6,57.39
141,8,70.1
242,6,72.0
29,11,49.2
141,8,82.7
353,3,7.5
84,12,60.4
375,4,27.0
107,16,140.6
38,13,100.1
244,15,85.4
56,17,185.5
56,10,104.3
82,10,125.6
58,11,101.4
36,19,161.76
179,8,74.3
119,11,76.0
541,4,78.7
340,8,61.8
32,10,60.55
45,9,114.88
501,11,104.69
217,9,69.3
100,9,73.0
42,6,39.8
44,6,72.94
73,17,123.56
316,6,79.5
132,11,46.45
77,4,19.5
108,14,107.2
95,13,67.54
134,10,159.3
290,2,36.7
177,15,117.4
98,16,192.1
201,20,170.72
214,14,98.0
552,2,14.9
142,6,41.3
412,4,22.1
57,10,157.5
244,6,81.2
395,8,69.92
15,10,108.4
32,5,50.4
50,11,107.11
263,4,18.0
272,10,68.9
161,6,29.3
275,3,29.14
212,2,7.4
369,6,37.73
102,4,37.2
181,4,53.8
93,12,61.5
81,9,49.85
225,8,69.5
245,15,144.6
215,15,167.15
122,12,131.3
191,7,65.1
107,8,62.95
330,11,96.37
81,2,24.7
113,8,48.2
242,10,82.1
227,15,160.3
37,10,97.9
14,10,127.8
41,20,212.9
156,2,8.0
144,23,135.4
249,15,99.18
12,9,82.35
320,10,53.54
2,13,92.75
30,12,156.25
133,7,75.2
337,5,23.1
363,7,52.1
152,12,132.63
168,5,37.5
126,7,133.7
579,2,14.5
63,7,27.96
54,10,83.3
595,4,25.14
212,10,86.2
549,9,37.59
80,6,66.2
212,13,88.5
204,9,70.7
274,2,7.8
47,13,133.95
73,10,132.96
280,7,71.3
189,16,155.6
118,9,36.6
212,23,209.6
0,8,80.5
404,2,38.1
67,15,92.9
238,12,74.0
74,12,69.0
109,5,50.7
130,8,29.2
111,21,161.7
89,13,78.15
446,8,22.35
380,8,59.2
430,11,96.62
346,9,71.6
122,11,77.85
180,11,63.2
239,6,14.8
264,6,69.35
0,17,171.4
387,3,33.8
44,15,106.6
70,17,152.42
111,8,101.8
8,10,98.8
38,5,42.2
401,2,24.2
12,4,23.48
439,5,63.3
23,9,64.2
1,10,129.9
482,2,13.4
60,8,49.22
11,10,71.9
191,11,71.2
358,9,52.2
58,11,86.65
138,4,52.3
4,10,177.32
82,19,148.52
1,12,143.12
102,11,56.45
50,7,49.8
60,8,180.3
145,15,117.9
10,2,9.0
154,4,67.8
16,9,55.3
223,2,18.8
90,4,31.9
98,6,58.36
37,13,167.0
45,4,21.4
36,11,133.35
278,9,121.6
205,2,19.5
408,5,26.9
325,11,144.02
52,23,215.0
131,4,32.4
256,15,177.8
493,3,36.8
322,4,46.9
10,14,127.48
28,12,70.55
144,6,28.98
541,7,113.0
149,10,76.04
56,8,86.8
7,15,98.22
26,21,163.9
20,14,117.1
10,8,77.25
102,8,82.69
118,16,105.0
112,16,88.1
59,7,57.4
61,12,77.32
264,6,75.5
421,4,11.5
2,13,100.7
57,8,66.5
577,4,28.65
188,11,69.75
79,10,85.7
2,8,84.45
41,14,116.0
383,4,41.4
347,4,31.1
10,9,35.9
344,2,11.1
248,6,51.86
181,5,54.15
405,5,38.0
18,11,101.1
291,2,16.0
138,3,36.3
337,6,96.6
525,7,19.7
36,11,59.6
263,12,72.72
508,8,96.15
136,7,76.7
144,12,54.4
104,9,60.3
69,6,85.8
175,11,94.35
376,17,124.05
290,8,53.2
236,11,105.7
26,15,95.8
169,4,10.85
336,11,61.79
179,4,40.03
30,9,67.1
421,4,85.8
200,13,90.39
582,6,65.7
183,4,32.5
80,11,60.3
398,9,70.4
4,6,46.7
423,5,67.6
41,11,63.16
19,16,111.8
52,7,34.15
330,10,60.36
99,9,164.0
434,4,68.7
282,14,82.5
543,3,27.7
285,17,88.5
268,8,56.8
108,9,58.5
355,10,62.7
205,4,55.2
152,17,102.16
188,7,88.8
149,8,55.8
53,11,74.2
88,12,45.3
332,12,79.35
193,8,54.23
332,13,130.9
164,5,60.8
56,18,162.74
167,7,93.1
194,10,80.24
577,5,40.26
81,15,125.34
8,7,37.65
35,15,149.36
360,3,14.6
208,7,29.5
207,15,69.4
28,11,60.8
33,19,153.56
199,10,76.4
44,20,153.36
248,9,43.45
582,4,13.2
141,12,140.2
571,6,59.45
399,6,31.7
327,6,38.65
74,2,12.64
22,8,73.7
0,7,33.6
337,7,91.62
223,10,87.9
382,12,81.6
4,9,77.7
67,13,89.4
211,5,28.21
44,12,71.5
35,19,133.3
143,10,76.85
247,7,70.96
27,9,43.8
188,12,95.9
110,4,66.0
309,11,49.4
215,6,21.5
225,17,95.1
77,2,10.2
334,11,81.1
317,12,111.78
51,3,15.6
536,6,58.7
315,5,35.59
95,14,187.8
0,16,144.87
169,5,18.6
149,8,76.3
495,2,15.4
6,4,25.2
139,17,141.6
601,6,46.04
323,4,30.35
171,11,99.1
3,7,59.3
393,4,10.7
539,5,27.3
138,14,78.1
138,11,65.44
191,11,45.7
101,6,27.9
131,13,82.3
81,10,79.3
29,7,40.0
93,6,70.8
186,6,28.8
11,5,31.4
125,8,61.3
334,10,58.3
45,9,96.4
155,9,68.8
372,5,54.2
72,11,131.0
340,14,51.25
106,9,74.9
204,15,178.2
213,6,89.36
381,10,101.4
12,15,187.8
208,4,24.55
461,8,75.0
222,10,73.5
31,13,74.9
103,16,80.44
310,5,21.1
353,12,76.3
32,10,40.95
445,4,54.4
106,14,123.49
3,22,123.1
359,2,41.4
92,19,120.62
279,11,143.15
42,23,163.8
114,5,28.3
328,4,82.9
31,13,100.2
179,5,22.05
5,9,82.2
185,18,123.6
134,5,56.2
137,4,33.4
532,5,35.1
156,8,72.4
382,9,86.54
178,7,45.4
25,8,42.35
151,11,98.82
2,10,78.2
362,4,16.4
367,7,46.95
24,12,72.0
33,10,118.08
194,7,54.1
265,5,29.0
200,15,143.85
205,16,140.15
347,5,30.0
261,5,40.14
76,6,40.2
22,4,45.7
121,17,148.01
120,5,27.3
295,8,84.3
463,15,128.03
467,10,92.95
65,14,84.5
172,4,36.2
270,12,61.74
368,6,18.4
27,8,62.8
74,11,94.5
56,22,145.22
6,6,39.0
292,2,7.32
85,17,105.45
78,16,114.0
130,7,48.3
142,2,12.4
117,4,11.4
165,12,97.6
221,12,95.1
13,14,144.1
26,7,123.86
385,4,13.8
209,18,92.15
598,8,75.54
44,14,101.7
184,9,92.4
525,6,58.4
7,16,113.7
225,8,48.2
195,12,114.1
427,16,185.54
385,14,141.4
91,12,95.5
1,7,41.0
185,17,196.8
380,9,65.1
265,3,5.7
451,4,45.8
393,2,8.5
392,10,74.8
122,17,129.8
522,6,69.65
242,6,17.5
392,4,33.2
123,10,75.4
5,8,107.8
206,2,9.4
157,6,34.22
611,2,7.9
128,18,103.7
255,13,89.9
253,16,113.66
125,12,100.13
44,17,117.4
485,11,42.8
220,6,37.9
136,13,132.52
44,8,61.4
551,4,21.8
6,5,30.75
277,11,153.16
506,6,38.59
96,6,45.45
36,4,31.5
83,16,96.2
191,11,84.12
464,2,20.0
150,6,51.0
448,7,59.52
452,9,80.4
333,7,45.44
238,10,118.26
52,9,83.7
207,2,2.6
366,4,12.1
91,21,203.76
33,18,177.1
246,14,131.8
56,7,85.7
14,12,67.0
181,6,43.2
27,12,137.4
439,3,81.8
304,7,31.0
158,2,14.6
324,4,11.8
37,14,146.2
151,13,100.1
438,4,28.6
22,12,47.1
284,2,10.5
17,14,131.7
76,14,162.9
145,7,66.1
40,14,85.2
303,11,89.9
35,10,132.8
24,6,30.59
37,17,117.04
39,12,107.46
0,5,44.09
333,13,90.6
241,14,145.8
175,6,46.7
56,5,30.44
190,5,51.0
6,2,33.9
273,8,116.9
33,17,212.4
46,7,56.4
145,12,111.2
236,11,113.62
19,13,92.6
78,12,115.91
34,15,147.2
40,12,69.4
2,11,49.4
7,8,75.9
91,4,33.0
256,4,45.9
376,7,70.79
8,15,104.8
162,10,96.64
321,4,12.0
285,6,43.6
567,5,36.1
148,7,60.54
53,12,60.7
147,10,68.22
511,3,75.6
291,10,112.76
18,18,211.7
431,8,104.2
30,15,78.66
338,8,97.8
145,12,100.8
350,2,19.6
274,5,26.0
12,16,128.45
430,2,39.5
136,2,17.1
2,7,50.6
179,10,79.2
185,13,76.5
545,8,24.0
33,2,5.9
363,4,11.4
101,9,77.6
221,8,33.1
40,6,27.9
194,21,205.44
373,4,52.35
262,5,42.1
130,12,60.0
193,4,51.9
72,10,73.92
55,17,71.1
153,9,65.3
320,11,57.25
224,13,130.34
119,9,49.92
28,8,80.2
22,16,96.4
531,7,47.3
269,10,49.35
21,7,55.5
66,22,143.55
346,9,50.2
54,16,132.27
84,5,26.1
229,2,6.9
3,6,71.4
192,4,16.65
95,9,81.4
65,8,109.0
183,15,151.8
425,7,68.6
396,4,38.2
399,7,55.69
170,6,77.8
66,6,103.7
191,11,86.83
181,9,46.4
41,16,130.2
171,7,69.3
7,4,21.6
331,13,150.45
248,6,25.4
215,2,10.9
150,4,39.9
108,6,136.2
235,7,25.3
180,13,127.05
155,10,85.63
135,14,119.5
223,12,124.7
218,10,122.7
305,11,166.1
85,11,117.95
249,2,7.1
222,6,47.7
339,8,44.4
30,10,80.3
189,6,37.34
1,16,90.8
85,11,48.5
63,16,71.67
230,11,56.55
182,8,84.66
6,9,95.05
266,6,29.4
504,2,21.6
41,13,90.5
357,7,62.16
184,6,32.11
162,4,43.8
43,5,34.0
5,14,91.8
80,16,149.8
21,11,96.36
128,11,64.5
31,13,132.62
244,4,31.5
240,14,78.53
76,11,120.12
312,13,112.6
157,5,54.0
158,7,38.12
333,5,33.55
311,4,11.6
241,9,91.0
481,4,37.5
279,2,22.2
203,16,141.86
135,9,69.1
22,9,74.0
15,5,43.52
191,8,104.5
234,10,94.44
273,12,45.2
91,2,5.2
233,6,169.7
208,14,135.8
25,14,108.65
536,8,97.8
586,4,11.9
77,6,45.2
52,7,38.2
138,19,113.35
31,15,127.6
28,6,103.8
221,16,117.3
205,9,81.7
276,18,165.9
523,5,41.82
46,10,121.6
578,2,4.6
1,13,84.5
107,12,110.4
66,15,86.75
376,4,28.1
296,6,76.65
1,15,161.84
48,11,112.1
6,4,8.8
125,5,64.2
248,7,81.5
488,2,14.4
351,9,52.2
343,5,61.3
49,17,171.9
390,4,45.5
412,10,59.75
412,6,23.1
31,10,71.35
185,11,78.33
330,8,27.4
234,7,52.12
135,13,148.4
29,11,108.04
9,2,28.0
53,19,150.14
17,7,64.66
133,4,17.9
230,13,116.8
313,6,48.9
294,11,154.3
164,15,69.26
301,12,72.2
93,10,53.4
136,21,181.52
23,4,27.94
261,18,188.1
68,6,51.2
280,9,75.5
55,6,16.7
19,13,102.2
62,14,142.24
194,8,52.3
338,4,7.8
98,10,50.1
68,13,135.0
217,6,59.0
45,14,203.8
15,8,34.3
292,4,12.4
25,10,81.55
306,6,60.7
232,11,102.75
521,2,9.8
211,8,44.2
136,11,61.54
380,6,32.3
66,8,50.8
246,9,136.7
289,8,71.0
184,18,171.52
258,16,86.8
517,2,6.6
270,4,24.5
90,7,94.9
203,5,23.52
417,10,114.6
278,2,11.4
331,14,167.22
3,16,147.35
127,11,74.9
9,6,63.9
262,6,38.3
46,13,176.3
68,8,86.9
90,6,46.7
33,13,78.0
460,2,28.2
31,8,32.0
6,17,131.56
121,7,26.2
59,8,60.0
14,4,12.1
13,2,11.8
42,8,45.7
111,13,81.5
416,6,64.43
139,10,43.9
147,9,68.4
36,16,123.5
187,6,34.3
97,8,61.74
548,4,40.2
386,6,17.1
6,13,177.76
46,11,82.2
224,16,137.0
87,9,102.14
79,10,90.9
244,12,148.8
267,6,53.72
127,16,167.4
16,10,33.7
185,15,117.68
531,3,35.9
272,2,5.8
281,8,81.2
237,12,68.8
87,15,136.8
518,7,15.8
38,15,177.66
39,23,207.32
161,6,63.8
7,12,74.4
431,12,45.5
9,7,116.65
42,15,135.6
174,2,4.4
65,14,113.8
331,8,51.1
179,7,28.45
99,10,50.9
36,22,129.4
274,8,137.5
240,18,196.03
162,17,128.95
156,4,16.6
477,11,45.52
31,2,4.1
55,18,125.28
80,15,143.2
50,18,144.4
137,17,144.61
175,14,156.6
362,2,7.3
45,14,147.94
43,4,45.7
123,7,52.5
382,4,40.0
180,12,59.8
17,7,64.7
19,22,158.74
65,15,140.95
17,13,76.2
51,11,64.67
166,8,32.9
98,10,134.2
51,15,115.55
395,12,89.55
319,9,54.7
126,10,138.63
92,12,92.62
134,11,49.15
108,15,98.35
560,6,85.14
218,6,42.3
495,2,39.3
49,6,64.3
97,12,85.5
304,6,21.3
340,14,124.0
300,7,22.4
172,4,28.9
270,10,82.1
30,11,150.4
38,7,42.6
32,18,148.09
202,15,98.41
151,20,121.6
377,8,30.6
159,9,60.7
119,13,113.16
212,6,37.05
160,8,54.7
442,3,21.2
91,10,89.66
163,11,131.63
102,17,148.0
181,12,84.92
92,17,155.6
367,8,37.9
0,18,204.76
35,8,47.3
179,8,40.3
16,4,18.6
87,5,63.5
74,8,22.85
419,6,27.8
119,11,74.7
19,14,140.2
174,4,100.4
271,9,112.4
55,14,83.9
236,11,70.96
594,2,10.0
232,7,53.3
228,6,36.96
0,13,174.6
36,4,17.2
5,20,176.2
196,19,146.61
27,15,106.2
13,14,183.1
162,4,50.4
220,8,89.2
147,11,73.62
15,13,110.7
56,13,80.0
214,13,81.42
119,8,98.65
16,14,83.86
110,4,56.8
13,17,100.1
254,12,86.5
17,6,120.3
259,4,18.5
39,11,84.85
34,15,119.92
10,8,50.5
429,5,24.5
334,12,152.04
226,15,119.0
269,3,14.5
414,2,18.9
33,14,158.66
18,10,81.3
470,4,10.6
320,7,49.15
94,14,65.44
86,12,125.24
246,10,88.1
119,10,68.9
420,7,60.9
257,11,133.9
449,4,48.1
267,10,83.4
195,15,116.0
58,16,139.05
2,10,48.4
237,4,69.6
597,2,14.4
439,2,3.4
567,4,19.8
542,4,83.3
516,6,36.16
261,13,170.5
159,4,46.8
474,2,6.8
451,4,25.0
1,16,184.44
20,5,16.6
230,8,28.9
8,13,115.3
207,4,35.0
396,9,85.4
83,8,69.65
3,6,32.3
309,11,155.25
101,15,96.59
89,7,73.0
18,11,73.5
144,9,90.4
302,5,72.2
211,3,46.0
192,17,177.2
166,6,66.9
75,21,213.56
103,4,15.7
51,11,112.8
14,5,19.8
317,5,124.6
294,9,110.15
95,9,77.9
192,7,34.16
442,10,77.2
33,12,91.74
27,8,51.0
40,19,158.5
214,8,67.9
98,8,73.96
262,12,62.6
382,9,53.6
12,13,87.8
323,12,108.48
378,9,137.55
80,9,70.46
216,13,92.2
125,8,76.95
139,11,50.34
149,11,109.5
67,6,50.49
30,13,137.15
541,6,71.2
7,21,132.39
36,9,86.12
77,10,85.1
79,19,158.98
25,14,123.12
139,13,161.3
126,9,105.55
123,8,88.6
8,19,136.09
68,15,143.66
154,10,120.1
223,12,62.4
73,12,149.1
44,8,96.5
13,10,47.7
174,8,33.4
423,5,55.1
88,10,53.73
122,11,67.45
18,9,119.8
255,3,8.4
247,12,147.68
197,12,83.5
93,12,82.1
114,11,62.8
408,2,15.3
187,4,27.75
118,7,25.2
65,21,191.84
130,8,31.3
175,4,26.85
10,8,38.82
333,8,93.6
571,4,7.65
233,7,18.7
50,9,70.4
214,10,70.1
73,18,140.4
13,19,113.1
216,8,33.9
179,10,104.02
516,6,28.2
291,2,3.9
19,6,76.8
466,4,33.9
218,6,49.5
225,13,143.8
48,13,102.35
31,8,49.94
156,8,71.25
423,9,60.22
24,21,209.02
512,4,12.0
116,5,21.0
32,9,80.7
33,12,72.1
0,10,35.2
146,7,25.6
590,2,65.2
39,16,139.1
130,4,60.86
238,17,132.5
22,12,89.3
126,13,96.44
51,13,112.9
309,5,32.6
78,11,87.7
296,9,134.98
227,6,56.1
363,9,99.5
367,6,36.5
342,6,61.3
93,6,43.9
28,10,80.7
189,18,88.55
117,13,101.4
113,8,42.62
38,15,64.76
132,11,71.4
186,13,189.9
50,12,70.8
201,9,88.4
52,9,160.12
207,9,43.5
306,11,125.15
351,3,55.4
374,2,7.3
94,8,58.72
33,8,87.6
13,12,144.7
64,15,86.0
165,17,214.9
27,12,89.9
50,15,161.05
98,7,55.3
330,18,135.34
191,23,148.0
199,9,63.5
501,9,115.2
233,13,119.9
97,9,53.95
317,2,25.8
79,11,97.92
63,13,104.1
280,4,31.2
518,4,35.1
145,18,107.42
34,11,122.4
347,8,44.3
207,2,9.0
105,14,92.4
117,6,67.36
415,6,91.8
325,6,35.8
68,9,45.4
76,4,64.4
7,19,142.05
192,9,116.32
468,6,31.1
124,7,86.6
65,6,49.5
134,10,76.0
281,9,139.9
237,5,51.2
189,21,79.6
47,20,150.65
346,5,54.1
162,13,121.64
106,9,52.6
12,9,57.7
366,14,112.0
13,14,118.6
185,10,138.8
522,6,32.5
361,17,171.1
385,2,7.9
321,2,5.4
612,2,27.24
57,17,169.73
198,9,49.4
150,8,117.2
73,23,214.05
77,12,75.55
166,15,170.96
591,5,17.76
105,21,120.05
24,6,24.7
232,5,63.6
16,6,59.1
473,9,75.0
155,10,57.22
164,17,136.38
77,9,96.6
74,9,131.8
104,16,136.6
102,2,17.4
336,12,99.97
27,11,158.1
42,14,87.12
380,12,89.01
118,8,81.5
234,7,57.5
273,7,30.1
179,6,75.7
286,7,37.62
28,18,193.5
272,13,154.6
56,14,87.4
278,2,4.0
91,4,58.3
239,7,51.27
176,9,57.85
42,21,168.55
200,14,122.92
18,15,110.5
176,10,75.7
114,8,78.88
133,5,82.35
151,8,62.4
284,4,20.2
152,7,34.1
529,2,7.8
88,6,33.5
104,16,187.4
155,16,133.0
27,17,191.05
267,13,132.05
72,12,94.85
86,4,19.5
267,5,69.8
76,5,32.4
42,10,50.0
462,3,18.44
17,4,38.42
372,5,13.8
65,9,31.1
38,13,119.49
163,5,46.0
259,11,56.34
17,12,92.9
564,10,63.45
111,11,55.6
129,13,52.5
131,9,156.0
6,16,80.2
10,14,122.64
395,4,34.7
31,7,80.4
85,19,125.4
233,8,137.0
194,16,74.59
197,4,21.6
66,8,87.7
173,4,32.3
324,16,180.86
12,13,122.74
129,16,122.04
358,7,60.6
284,12,90.42
356,6,33.82
87,6,49.5
108,13,102.14
84,10,99.2
234,11,170.9
419,8,60.4
124,17,200.25
337,8,48.74
62,14,85.4
280,8,63.72
132,18,159.42
21,9,61.5
95,10,72.12
54,9,37.74
171,8,76.0
297,13,118.1
602,2,12.1
393,4,19.62
243,11,63.36
181,8,86.2
511,4,57.15
41,10,101.1
152,16,189.62
323,5,48.89
296,4,48.2
415,3,52.34
50,23,134.61
361,3,9.4
87,6,31.4
41,13,201.7
200,10,119.0
198,15,147.02
273,2,2.1
25,15,200.0
61,9,62.16
231,9,66.3
323,7,126.5
37,6,35.4
376,16,154.44
56,6,21.6
86,14,162.5
70,22,210.1
6,10,61.9
101,14,119.65
104,13,131.85
365,8,45.15
212,11,45.52
37,16,119.99
48,5,16.4
300,5,51.8
423,2,17.2
0,15,171.03
205,14,95.0
119,16,205.9
194,6,35.7
306,4,55.8
101,13,99.88
258,6,42.4
160,4,62.3
105,4,51.0
105,10,44.7
5,4,13.7
92,15,82.79
112,11,191.1
330,6,63.4
68,15,69.6
42,12,69.6
133,11,61.05
438,6,48.1
593,2,3.7
545,2,20.16
410,4,31.75
315,3,13.9
393,2,15.7
187,4,13.0
121,6,93.4
79,10,106.9
16,17,110.8
44,13,75.2
192,7,38.1
118,14,151.55
7,9,69.04
234,10,76.8
596,4,24.5
12,12,132.81
7,11,87.2
225,9,92.62
169,11,57.6
1,6,19.4
489,2,11.0
228,13,97.0
287,9,70.38
45,8,38.66
278,17,108.04
253,6,60.4
56,8,47.3
43,17,152.1
124,17,119.9
263,5,39.4
425,6,41.8
152,8,86.0
343,2,3.4
75,14,142.9
56,12,73.82
184,4,25.8
175,10,156.5
429,1,1.6
8,20,145.05
73,7,23.0
142,4,16.6
207,6,33.7
47,6,44.7
149,12,57.4
218,12,94.35
1,10,76.9
54,14,91.6
3,12,88.2
271,11,87.3
75,10,70.3
13,16,102.35
343,2,12.6
29,10,148.4
8,11,149.9
366,9,42.42
299,4,32.44
236,8,42.65
151,12,174.9
177,9,93.5
336,6,37.1
253,5,24.82
283,6,59.5
238,5,91.2
71,16,134.45
0,7,78.99
237,9,92.7
19,7,101.9
235,6,66.8
398,2,4.6
48,9,37.8
104,6,83.9
176,13,58.04
393,8,75.9
75,6,80.4
19,12,97.3
241,11,45.7
156,6,43.1
76,9,115.26
138,2,9.4
58,13,120.75
111,9,70.2
359,8,66.0
222,12,84.6
148,14,110.7
101,6,37.0
180,8,54.9
71,6,31.44
243,11,135.7
502,2,40.9
57,11,89.8
92,9,49.1
410,13,176.95
126,5,35.3
98,10,69.23
87,6,56.65
307,6,44.12
2,14,118.95
91,10,137.5
478,4,22.3
275,10,48.1
1,6,128.9
184,10,173.0
32,14,77.8
327,11,90.1
337,5,8.5
252,8,65.35
244,8,98.3
157,9,68.5
30,16,132.35
27,10,96.5
127,13,89.8
45,12,126.65
94,14,135.35
87,13,87.95
32,16,124.95
247,18,170.0
139,12,86.2
145,10,72.1
222,11,52.22
243,8,60.0
20,15,124.64
6,2,19.4
235,9,91.8
19,11,108.6
59,15,76.52
68,9,70.25
16,4,24.0
112,17,130.05
199,11,57.6
419,7,82.4
48,11,89.35
53,17,129.64
54,16,180.2
276,11,136.8
393,9,56.16
156,13,79.8
32,14,104.95
598,4,19.4
141,6,28.6
81,12,133.39
34,6,36.9
48,3,25.1
43,2,4.9
54,8,78.8
263,6,31.84
324,15,85.9
105,12,119.1
265,12,83.05
285,9,52.8
126,12,113.7
58,1,3.6
195,16,115.0
156,22,163.0
181,8,80.0
97,17,157.5
149,13,131.64
360,6,61.7
4,4,16.85
2,6,66.2
140,13,126.92
97,5,57.6
8,14,114.0
214,15,130.5
461,10,127.05
134,20,163.15
54,14,58.26
115,6,38.75
392,4,39.7
36,15,128.2
172,15,119.65
210,8,47.9
83,9,50.15
233,4,56.2
438,4,37.5
335,7,101.8
239,7,37.66
198,10,70.3
47,20,113.15
284,9,121.1
49,13,92.11
479,3,20.0
131,14,126.1
349,17,70.39
15,8,22.5
348,6,47.0
66,3,25.3
63,21,189.73
497,2,6.72
110,6,27.1
3,21,120.49
57,13,122.8
14,15,68.7
122,8,62.54
233,14,127.2
90,10,74.76
53,10,39.9
57,17,183.1
287,5,57.9
1,11,76.94
555,3,53.76
77,12,101.65
28,13,138.4
75,10,89.84
311,4,51.5
384,14,89.75
124,15,105.55
519,4,35.8
145,4,50.44
470,12,130.0
243,11,79.75
129,8,111.9
84,13,94.6
183,18,150.7
246,11,48.9
88,12,191.35
75,8,57.5
39,16,165.5
306,8,83.96
3,13,135.99
84,17,124.2
24,12,109.6
236,6,24.4
24,9,89.45
132,7,106.1
256,13,83.36
132,8,48.8
55,9,97.6
353,5,68.9
11,12,94.45
197,11,83.3
11,19,211.84
35,14,193.4
589,2,24.7
18,8,65.5
322,4,101.8
26,15,76.17
454,6,27.1
21,7,27.76
130,16,213.34
60,10,62.7
209,9,54.6
29,8,71.3
447,2,11.7
26,11,87.28
431,4,39.76
9,21,161.99
264,9,131.16
138,6,58.42
119,11,99.36
590,6,59.2
131,13,191.75
19,13,130.7
189,12,46.37
44,12,64.2
317,12,157.25
75,17,137.1
233,9,60.9
18,10,49.9
152,19,130.5
81,14,143.7
249,12,75.75
273,9,94.2
325,6,44.72
376,5,52.04
199,8,49.1
91,12,103.6
110,15,144.6
24,23,129.66
545,4,43.8
73,13,108.96
190,4,41.2
558,7,91.9
77,10,62.3
1,8,60.65
109,13,79.8
146,6,39.5
47,12,131.0
83,9,115.3
482,7,42.85
21,14,86.36
25,20,189.7
27,14,66.6
65,11,98.7
126,10,86.4
64,23,145.52
158,8,45.45
138,15,135.69
270,7,41.1
10,15,138.26
319,8,50.36
159,15,117.66
2,12,81.15
543,2,21.96
25,19,92.12
106,4,11.7
306,7,68.7
389,5,39.8
16,17,151.06
155,10,97.42
242,17,76.9
248,7,25.2
353,20,186.46
489,6,39.95
52,14,77.56
19,15,79.8
64,18,159.6
27,11,77.7
13,12,111.7
359,13,155.8
77,9,142.7
54,12,111.36
248,5,32.76
433,7,43.75
191,18,188.9
111,6,50.0
36,4,30.25
182,2,22.8
50,15,78.05
25,17,135.32
81,15,122.5
65,9,129.34
405,6,43.76
5,13,128.5
430,7,53.23
287,10,49.3
9,7,55.78
238,9,87.8
336,6,93.06
298,4,22.5
263,12,65.0
291,7,48.1
131,13,184.4
1,13,114.75
128,16,169.0
348,4,34.7
39,9,50.0
29,9,134.5
81,9,72.8
54,6,107.3
97,9,60.85
310,6,66.25
116,8,46.25
172,15,123.55
182,6,76.9
6,22,157.05
313,3,6.5
139,2,5.7
45,12,81.31
79,8,36.4
127,10,58.3
572,8,64.35
192,9,75.45
153,16,76.65
140,7,104.6
467,4,47.7
86,12,82.6
310,11,58.5
240,4,14.5
90,4,17.6
57,11,175.9
91,6,64.3
47,4,85.8
393,4,23.7
99,14,99.6
43,5,53.38
113,2,4.5
105,17,115.2
285,14,146.25
344,5,63.4
279,14,143.84
32,12,86.42
36,5,51.4
412,9,79.9
188,8,98.5
201,4,82.22
186,11,43.84
51,10,81.9
19,6,33.02
447,9,40.2
447,5,97.9
101,11,65.45
446,7,63.6
161,10,72.7
217,17,91.42
314,6,41.85
254,9,45.92
349,7,27.34
79,11,61.55
161,6,76.8
10,13,171.56
80,7,49.5
341,7,69.26
337,8,44.2
7,16,72.3
226,15,217.2
87,8,134.6
7,2,4.6
308,6,54.2
437,6,53.32
75,8,143.65
74,2,23.7
207,15,114.5
333,12,128.7
129,6,39.7
162,3,23.5
28,14,170.7
44,14,72.8
96,10,73.1
219,17,165.2
389,8,15.7
7,2,24.1
131,8,54.3
29,12,118.2
51,16,133.3
32,14,143.7
415,7,56.5
85,15,110.8
29,15,141.2
243,2,6.8
358,12,121.7
275,10,78.0
153,7,60.8
402,2,18.9
37,4,44.6
129,16,154.6
7,3,14.1
4,16,105.66
144,17,91.55
118,10,63.8
12,12,76.1
171,8,49.15
320,9,81.0
206,11,43.3
57,10,111.3
70,17,89.6
366,4,51.6
118,9,54.0
38,11,95.4
198,16,152.8
73,7,111.2
7,14,117.0
305,9,81.0
445,2,9.0
114,14,177.5
20,11,72.5
271,5,62.1
318,7,58.95
26,9,72.05
323,9,29.1
566,5,46.06
467,3,28.1
30,11,98.2
137,4,21.53
33,6,41.92
158,12,128.55
163,19,194.7
379,6,44.0
41,8,67.94
468,2,17.1
199,9,85.0
62,9,50.1
14,23,160.55
341,2,13.0
206,4,21.2
255,11,88.2
62,15,203.26
205,10,75.6
198,13,73.22
38,9,42.04
11,11,130.3
117,14,76.3
257,13,118.75
141,2,8.7
137,6,59.7
84,13,61.4
118,17,189.76
184,7,70.7
9,15,193.2
56,5,53.49
531,2,14.6
198,19,128.5
23,7,45.2
430,2,26.0
163,5,32.8
57,5,101.6
106,2,10.0
226,8,21.9
63,12,203.95
4,22,153.0
84,15,129.4
128,20,153.76
73,11,76.5
78,4,15.4
220,10,71.36
109,4,10.6
75,17,109.07
31,6,65.1
223,6,32.4
441,4,37.5
25,7,23.4
108,11,80.0
10,13,116.5
32,8,84.8
296,9,47.3
71,12,179.76
256,10,140.4
346,6,47.7
68,6,83.5
343,12,65.65
118,11,127.7
346,6,57.3
153,15,150.7
51,15,118.6
155,4,38.4
74,8,28.5
200,7,44.7
125,9,102.6
53,14,77.7
135,9,118.2
72,8,143.0
269,6,73.9
232,10,54.2
180,4,23.2
482,9,66.4
419,4,11.4
186,12,116.8
56,17,142.26
0,1,1.1
122,13,153.96
89,12,134.0
156,12,125.14
130,6,32.5
269,6,59.5
62,18,134.8
7,16,112.5
30,21,135.9
20,7,29.94
104,14,159.4
56,6,86.25
478,9,62.44
62,16,111.15
31,8,124.02
271,6,34.0
47,9,63.7
310,10,62.05
28,10,174.3
93,21,156.55
460,7,59.1
586,2,17.6
52,21,176.2
22,16,179.9
498,2,9.6
200,9,68.0
22,16,142.9
134,10,59.0
190,18,160.6
145,4,28.1
208,10,92.0
170,6,61.9
42,18,114.7
169,11,98.65
15,15,166.65
126,3,63.5
343,10,85.12
21,4,62.3
68,6,49.9
229,13,109.2
15,8,66.6
35,12,114.0
53,4,71.0
164,12,97.05
125,5,28.3
244,4,23.1
227,12,82.82
67,10,36.6
427,5,53.3
136,13,72.2
401,9,87.3
14,12,108.5
197,5,56.1
294,9,60.36
475,8,60.94
175,14,121.4
267,5,30.5
6,7,44.7
12,4,108.5
44,10,61.42
549,2,15.7
87,10,80.0
135,14,133.8
229,8,92.2
75,8,35.5
264,17,213.55
230,11,128.9
422,8,81.52
403,2,28.6
96,9,37.69
31,10,89.3
27,4,19.57
28,16,122.15
127,6,47.4
1,20,101.9
152,12,98.14
316,4,42.4
83,9,73.1
451,11,53.86
381,11,71.32
192,7,47.5
266,13,114.3
416,4,13.4
472,7,65.06
150,10,54.5
5,21,200.3
137,20,166.8
169,8,21.9
369,8,76.6
173,8,104.7
234,17,139.1
43,15,82.54
218,8,59.6
307,8,59.42
28,20,210.57
127,17,159.0
332,6,43.2
188,10,116.48
80,7,32.9
151,22,182.45
55,7,68.6
385,7,107.4
578,6,31.2
60,10,70.6
349,12,95.5
76,7,38.2
13,12,94.2
125,9,107.39
110,14,143.62
227,6,34.2
404,10,67.1
56,15,145.5
48,13,68.3
98,10,63.6
89,16,95.6
114,7,20.9
375,9,81.7
79,8,97.26
64,15,129.0
134,18,105.39
42,20,152.54
134,7,37.2
110,12,69.32
66,7,99.8
151,18,162.93
186,16,98.45
244,8,37.95
52,7,48.39
436,2,8.2
131,11,106.6
222,10,55.8
37,6,73.9
322,4,10.7
89,14,157.8
509,6,55.3
235,9,87.9
104,8,53.55
381,10,107.9
336,6,46.8
122,4,28.4
385,12,96.3
304,4,64.6
228,15,97.72
117,13,125.49
2,16,124.1
311,13,113.4
177,19,156.9
14,10,117.9
222,6,64.0
118,4,38.9
28,10,72.22
175,8,62.4
39,10,39.5
115,10,74.49
266,6,28.74
399,4,15.6
270,5,44.4
392,2,66.2
296,9,73.14
38,10,147.1
273,12,162.1
162,11,122.6
102,2,18.0
137,6,46.5
391,4,13.2
89,10,78.7
96,16,109.4
45,15,179.1
179,13,118.64
63,15,61.4
6,17,155.98
21,14,137.8
128,16,175.42
15,12,66.2
318,9,82.75
100,11,94.52
41,6,50.8
226,8,55.45
3,3,9.9
103,14,198.5
197,12,101.4
389,9,39.7
313,11,148.85
272,18,122.7
113,12,81.55
61,13,73.98
63,8,36.8
94,8,53.95
178,8,97.35
92,17,119.26
292,4,57.0
101,12,107.85
594,7,63.5
369,7,53.2
376,10,81.85
51,17,147.1
167,4,44.5
66,17,125.7
128,15,146.4
51,16,117.9
102,20,127.22
38,6,67.1
136,10,88.05
69,21,190.16
110,5,114.0
108,12,109.42
395,7,76.1
140,12,117.9
246,13,152.02
110,11,207.05
137,11,53.39
163,4,18.7
36,10,107.4
64,11,68.8
153,2,13.5
127,14,95.6
179,11,141.6
39,8,45.84
252,19,171.85
6,15,205.6
148,5,29.2
507,2,30.0
365,6,19.0
3,17,167.54
78,4,12.0
36,11,87.0
195,13,144.0
132,11,91.08
93,12,99.26
137,4,37.4
58,7,32.9
217,15,105.3
148,7,73.9
108,14,110.7
152,2,3.2
10,12,102.0
285,8,43.5
90,12,71.05
23,18,133.8
32,14,97.59
179,12,50.8
470,8,67.46
559,2,11.6
45,14,160.0
198,13,180.3
33,14,108.7
80,23,201.41
57,4,25.2
372,8,36.7
27,13,140.02
295,7,57.95
247,2,7.8
21,13,77.84
28,10,86.8
333,8,75.3
11,8,45.34
208,10,79.4
13,11,46.9
22,12,79.89
231,11,104.85
310,2,23.4
79,8,102.2
391,5,15.0
330,9,46.42
77,6,48.5
227,7,48.64
168,4,41.9
10,14,145.2
131,20,108.8
87,12,123.6
372,8,44.35
243,10,108.8
346,8,51.85
155,4,35.1
318,6,50.6
112,8,112.0
411,13,69.76
108,6,34.4
229,12,95.3
0,4,36.1
408,5,71.5
131,6,27.1
62,11,180.0
242,13,51.7
271,10,82.3
547,6,24.4
45,7,100.12
432,12,111.62
118,7,61.7
7,5,43.95
312,8,61.9
54,21,147.41
100,7,71.8
79,9,99.15
475,6,127.1
155,8,59.94
60,4,36.6
124,10,99.52
75,2,16.4
338,10,121.31
413,6,47.9
320,6,39.55
330,3,6.4
107,12,93.6
85,13,111.1
261,12,96.2
304,8,109.9
7,8,81.0
114,10,41.35
67,8,71.3
400,8,79.6
157,6,57.2
292,9,67.7
455,4,26.1
319,8,70.0
258,6,25.0
22,8,48.1
389,2,14.5
35,2,33.2
91,11,107.34
253,5,29.7
224,7,74.19
65,6,55.7
35,6,74.9
357,10,50.75
151,7,31.4
31,9,95.16
103,16,88.4
304,13,141.5
393,6,45.4
337,5,17.7
275,8,58.9
312,4,19.0
13,10,106.0
98,13,93.07
107,14,87.4
377,11,87.89
405,2,2.9
72,5,29.2
134,3,68.4
156,14,86.95
504,3,18.7
240,14,68.1
40,14,95.9
306,21,113.05
60,8,37.0
272,8,62.4
290,4,31.1
185,16,172.04
20,16,124.87
77,16,110.7
131,8,82.75
37,10,98.1
155,6,34.1
88,9,53.05
150,2,12.0
56,18,162.5
42,14,154.25
586,4,27.6
134,2,15.2
252,9,52.72
36,13,137.6
69,15,172.5
81,16,144.9
97,8,60.0
385,6,39.8
405,8,45.3
515,6,63.4
172,13,189.7
183,12,98.1
133,9,36.0
423,2,16.2
276,11,118.8
366,8,69.1
30,4,23.15
80,4,59.9
339,6,55.6
98,12,151.4
47,7,121.2
218,13,94.36
144,7,70.5
227,6,41.4
327,13,138.7
581,3,16.4
420,4,34.24
58,13,110.7
166,7,88.4
132,9,72.85
250,7,28.6
492,2,20.75
354,9,98.1
151,3,9.6
382,6,29.22
248,7,22.15
4,8,25.97
332,12,86.95
357,7,26.4
10,17,134.2
194,10,86.2
16,8,99.4
373,10,61.34
193,11,133.9
324,10,96.78
325,2,13.5
576,4,29.0
36,10,28.5
3,6,93.0
77,2,33.0
4,16,164.86
323,7,21.8
